file,subject,session,begin_time,end_time,low_freq,high_freq,duration,delta_duration,max_freq,pfc_avg_slope,avg_entropy,agg_entropy,snr,ioi,ioi_2,delta_voice_freq,delta_voice_inflexion,delta_voice_entropy,delta_time_1,delta_time_2,delta_time_3,delta_time_4,max_freq_1,max_freq_2,max_freq_3,max_freq_4,pfc_avg_slope_1,pfc_avg_slope_2,pfc_avg_slope_3,pfc_avg_slope_4,avg_entropy_1,avg_entropy_2,avg_entropy_3,avg_entropy_4,pc_duration,pc_voice_freq,pc_voice_inflexion,pc_voice_entropy
Alex MZ02,Alex,1,91.644,91.7863,72.215,1706.083,0.1423,NA,205.078,0.025,6.89,7.15,19.47,NA,NA,NA,NA,NA,0.1463,0.1707,0.1463,0.1545,161.133,788.086,914.062,682.617,-0.102,2.294,4.868,-0.146,7.483,7.834,7.568,7.162,NA,NA,NA,NA
Alex MZ02,Alex,1,109.8685,110.0148,108.323,1399.169,0.1463,0.0040000000000000036,161.133,-0.102,7.483,7.452,17.41,18.224499999999992,0.0040000000000000036,-43.94499999999999,-0.127,0.593,0.1707,0.1463,0.1545,0.1322,788.086,914.062,682.617,161.133,2.294,4.868,-0.146,-0.663,7.834,7.568,7.162,6.118,2.810962754743502,-21.428432108758617,-508,8.606676342525398
Alex MZ02,Alex,1,125.4809,125.6516,216.645,1354.034,0.1707,0.024399999999999977,788.086,2.294,7.834,8.289,12.98,15.612400000000008,0.024399999999999977,626.953,2.396,0.351,0.1463,0.1545,0.1322,0.2328,914.062,682.617,161.133,178.711,4.868,-0.146,-0.663,2.173,7.568,7.162,6.118,6.541,16.678058783321926,389.090378755438,-2349.0196078431372,4.690632099425364
Alex MZ02,Alex,1,127.7369,127.8832,207.619,1146.416,0.1463,-0.024399999999999977,914.062,4.868,7.568,8.034,11.82,2.2560000000000002,-0.024399999999999977,125.976,2.5740000000000003,-0.266,0.1545,0.1322,0.2328,0.1667,682.617,161.133,178.711,178.711,-0.146,-0.663,2.173,0.776,7.162,6.118,6.541,6.201,-14.294083186877552,15.985057468347364,112.20575414123802,-3.395455705897371
Alex MZ02,Alex,1,167.3119,167.4663,63.188,1498.465,0.1545,0.008199999999999985,682.617,-0.146,7.162,7.632,24.4,39.575,0.008199999999999985,-231.44500000000005,-5.014,-0.4059999999999997,0.1322,0.2328,0.1667,0.2012,161.133,178.711,178.711,169.922,-0.663,2.173,0.776,0.275,6.118,6.541,6.201,7.096,5.604921394395069,-25.320492483004443,-102.99917830731306,-5.364693446088791
Alex MZ02,Alex,1,178.1696,178.3018,99.296,1056.147,0.1322,-0.022299999999999986,161.133,-0.663,6.118,5.994,18.25,10.857699999999994,-0.022299999999999986,-521.4839999999999,-0.517,-1.0439999999999996,0.2328,0.1667,0.2012,0.1926,178.711,178.711,169.922,178.711,2.173,0.776,0.275,0.444,6.541,6.201,7.096,6.904,-14.433656957928795,-76.39481583376914,354.1095890410959,-14.576933817369445
Alex MZ02,Alex,1,178.7416,178.9744,72.215,1679.002,0.2328,0.1006,178.711,2.173,6.541,6.679,18.18,0.5720000000000027,0.1006,17.578000000000003,2.8360000000000003,0.42300000000000004,0.1667,0.2012,0.1926,0.1954,178.711,169.922,178.711,251.953,0.776,0.275,0.444,0.367,6.201,7.096,6.904,6.708,76.09682299546141,10.9090006392235,-427.7526395173454,6.914024190912063
Alex MZ02,Alex,1,197.5647,197.7314,65.217,1217.391,0.1667,-0.06610000000000002,178.711,0.776,6.201,6.145,18.95,18.823099999999982,-0.06610000000000002,0,-1.397,-0.34000000000000075,0.2012,0.1926,0.1954,0.184,169.922,178.711,251.953,181.641,0.275,0.444,0.367,0.229,7.096,6.904,6.708,6.106,-28.393470790378018,0,-64.28900138057985,-5.197981959944974
Alex MZ02,Alex,1,198.2344,198.4356,72.464,1427.536,0.2012,0.0345,169.922,0.275,7.096,7.091,18.71,0.669700000000006,0.0345,-8.789000000000016,-0.501,0.8950000000000005,0.1926,0.1954,0.184,0.1782,178.711,251.953,181.641,219.727,0.444,0.367,0.229,0.653,6.904,6.708,6.106,6.657,20.695860827834437,-4.91799609425274,-64.56185567010309,14.433155942589911
Alex MZ02,Alex,1,215.0602,215.2528,57.971,1420.29,0.1926,-0.008599999999999997,178.711,0.444,6.904,6.83,24.48,16.825800000000015,-0.008599999999999997,8.789000000000016,0.16899999999999998,-0.19200000000000017,0.1954,0.184,0.1782,0.1753,251.953,181.641,219.727,196.289,0.367,0.229,0.653,-4.006,6.708,6.106,6.657,7.11,-4.274353876739561,5.1723732065300645,61.45454545454544,-2.7057497181510732
Alex MZ02,Alex,1,215.6092,215.8047,86.957,1681.159,0.1954,0.002799999999999997,251.953,0.367,6.708,7.325,23.45,0.5489999999999782,0.002799999999999997,73.24199999999999,-0.07700000000000001,-0.19599999999999973,0.184,0.1782,0.1753,0.2012,181.641,219.727,196.289,659.18,0.229,0.653,-4.006,0.18,6.106,6.657,7.11,7.098,1.4537902388369663,40.98348730632137,-17.342342342342345,-2.838933951332557
Alex MZ02,Alex,1,262.2027,262.3866,57.971,1391.304,0.184,-0.011399999999999993,181.641,0.229,6.106,6.056,22.85,46.593500000000006,-0.011399999999999993,-70.31200000000001,-0.13799999999999998,-0.6020000000000003,0.1782,0.1753,0.2012,0.1408,219.727,196.289,659.18,665.039,0.653,-4.006,0.18,-6.102,6.657,7.11,7.098,7.185,-5.834186284544521,-27.906792139803855,-37.602179836512256,-8.974358974358978
Alex MZ02,Alex,1,263.8197,263.9979,43.478,1543.478,0.1782,-0.0058,219.727,0.653,6.657,6.808,26.23,1.6170000000000186,-0.0058,38.08600000000001,0.42400000000000004,0.5510000000000002,0.1753,0.2012,0.1408,0.1811,196.289,659.18,665.039,237.305,-4.006,0.18,-6.102,0.176,7.11,7.098,7.185,6.556,-3.152173913043478,20.967733055862947,185.15283842794761,9.023910907304293
Alex MZ02,Alex,1,279.9942,280.1696,86.957,1630.435,0.1753,-0.002899999999999986,196.289,-4.006,7.11,7.062,22.3,16.174499999999966,-0.002899999999999986,-23.438000000000017,-4.659000000000001,0.4530000000000003,0.2012,0.1408,0.1811,0.2012,659.18,665.039,237.305,202.148,0.18,-6.102,0.176,-0.122,7.098,7.185,6.556,6.758,-1.6273849607182862,-10.666872983292912,-713.4762633996938,6.804867057232992
Alex MZ02,Alex,1,283.5539,283.7551,72.464,1398.551,0.2012,0.02589999999999998,659.18,0.18,7.098,7.577,31.15,3.5597000000000207,0.02589999999999998,462.89099999999996,4.186,-0.012000000000000455,0.1408,0.1811,0.2012,0.2357,665.039,237.305,202.148,665.039,-6.102,0.176,-0.122,-1.746,7.185,6.556,6.758,7.346,14.774671990872775,235.82116165449924,-104.49326010983523,-0.16877637130802325
Alex MZ02,Alex,1,324.9391,325.0799,65.217,1601.449,0.1408,-0.06039999999999998,665.039,-6.102,7.185,7.425,22.61,41.3852,-0.06039999999999998,5.859000000000037,-6.282,0.08699999999999974,0.1811,0.2012,0.2357,0.2069,237.305,202.148,665.039,246.094,0.176,-0.122,-1.746,0.214,6.556,6.758,7.346,6.677,-30.01988071570576,0.8888315786279981,-3490,1.2256973795435298
Alex MZ02,Alex,1,325.422,325.603,79.71,1115.942,0.1811,0.0403,237.305,0.176,6.556,7.192,27.74,0.4829000000000292,0.0403,-427.734,6.2780000000000005,-0.6289999999999996,0.2012,0.2357,0.2069,0.1696,202.148,665.039,246.094,758.789,-0.122,-1.746,0.214,3.69,6.758,7.346,6.677,7.071,28.62215909090909,-64.31713027356291,-102.88430022943298,-8.754349338900482
Alex MZ02,Alex,1,327.2718,327.473,72.464,1543.478,0.2012,0.02009999999999998,202.148,-0.122,6.758,7.304,24.6,1.8497999999999593,0.02009999999999998,-35.15700000000001,-0.298,0.20199999999999996,0.2357,0.2069,0.1696,0.2041,665.039,246.094,758.789,776.367,-1.746,0.214,3.69,2.707,7.346,6.677,7.071,6.972,11.098840419657636,-14.815111354585875,-169.3181818181818,3.0811470408785837
Alex MZ02,Alex,1,343.0325,343.2682,50.725,1615.942,0.2357,0.0345,665.039,-1.746,7.346,7.914,24.01,15.760700000000043,0.0345,462.89099999999996,-1.624,0.5880000000000001,0.2069,0.1696,0.2041,0.1552,246.094,758.789,776.367,755.859,0.214,3.69,2.707,0.417,6.677,7.071,6.972,7.121,17.147117296222667,228.98618833725783,1331.1475409836066,8.700799052974254
Alex MZ02,Alex,1,345.3832,345.5902,57.971,1311.594,0.2069,-0.028799999999999992,246.094,0.214,6.677,7.37,26.72,2.3506999999999607,-0.028799999999999992,-418.945,1.96,-0.6690000000000005,0.1696,0.2041,0.1552,0.1581,758.789,776.367,755.859,752.93,3.69,2.707,0.417,4.244,7.071,6.972,7.121,7.348,-12.218922358930842,-62.99555364422237,-112.2565864833906,-9.10699700517289
Alex MZ02,Alex,1,360.459,360.6286,72.464,1427.536,0.1696,-0.0373,758.789,3.69,7.071,7.514,24.54,15.075800000000015,-0.0373,512.6949999999999,3.476,0.39400000000000013,0.2041,0.1552,0.1581,0.1811,776.367,755.859,752.93,222.656,2.707,0.417,4.244,0.3,6.972,7.121,7.348,6.27,-18.0280328661189,208.3329947093387,1624.2990654205605,5.900853676800961
Alex MZ02,Alex,1,368.8582,369.0622,57.971,1420.29,0.2041,0.0345,776.367,2.707,6.972,7.422,28.29,8.399200000000008,0.0345,17.577999999999975,-0.9830000000000001,-0.09899999999999931,0.1552,0.1581,0.1811,0.2012,755.859,752.93,222.656,222.656,0.417,4.244,0.3,0.115,7.121,7.348,6.27,7.061,20.341981132075475,2.316586033798589,-26.639566395663962,-1.4000848536274828
Alex MZ02,Alex,1,381.1713,381.3265,57.971,1434.783,0.1552,-0.0489,755.859,0.417,7.121,7.53,26.18,12.313099999999963,-0.0489,-20.507999999999925,-2.29,0.14900000000000002,0.1581,0.1811,0.2012,0.1581,752.93,222.656,222.656,187.5,4.244,0.3,0.115,-6.423,7.348,6.27,7.061,6.971,-23.95884370406663,-2.6415342228610856,-84.59549316586627,2.137119908204246
Alex MZ02,Alex,1,404.6405,404.7986,57.971,1536.232,0.1581,0.002899999999999986,752.93,4.244,7.348,7.607,28.89,23.4692,0.002899999999999986,-2.9290000000000873,3.827,0.22699999999999942,0.1811,0.2012,0.1581,0.1581,222.656,222.656,187.5,717.773,0.3,0.115,-6.423,3.231,6.27,7.061,6.971,7.114,1.8685567010309188,-0.38750613540357226,917.7458033573142,3.1877545288582985
Alex MZ02,Alex,1,414.4937,414.6747,72.464,971.014,0.1811,0.02300000000000002,222.656,0.3,6.27,6.434,21.23,9.853200000000015,0.02300000000000002,-530.2739999999999,-3.944,-1.0780000000000003,0.2012,0.1581,0.1581,0.2184,222.656,187.5,717.773,448.242,0.115,-6.423,3.231,1.309,7.061,6.971,7.114,6.706,14.547754585705263,-70.42806104153108,-92.93119698397739,-14.670658682634736
Alex MZ02,Alex,1,435.3209,435.5221,79.71,1536.232,0.2012,0.02009999999999998,222.656,0.115,7.061,7.571,23.72,20.827200000000005,0.02009999999999998,0,-0.185,0.7910000000000004,0.1581,0.1581,0.2184,0.1868,187.5,717.773,448.242,708.984,-6.423,3.231,1.309,0.082,6.971,7.114,6.706,7.127,11.098840419657636,0,-61.66666666666667,12.615629984051044
Alex MZ02,Alex,1,461.889,462.0471,79.71,1391.304,0.1581,-0.0431,187.5,-6.423,6.971,6.738,19.94,26.568100000000015,-0.0431,-35.156000000000006,-6.538,-0.08999999999999986,0.1581,0.2184,0.1868,0.1782,717.773,448.242,708.984,208.008,3.231,1.309,0.082,-0.724,7.114,6.706,7.127,7.254,-21.421471172962228,-15.789379131934467,-5685.217391304348,-1.274606996176177
Alex MZ02,Alex,1,462.9915,463.1496,86.957,1702.899,0.1581,0,717.773,3.231,7.114,7.461,26.38,1.1024999999999636,0,530.273,9.654,0.1429999999999998,0.2184,0.1868,0.1782,0.161,448.242,708.984,208.008,667.969,1.309,0.082,-0.724,-2.315,6.706,7.127,7.254,7.205,0,282.8122666666667,-150.3035964502569,2.051355616123939
Alex MZ02,Alex,1,463.5549,463.7733,65.217,1282.609,0.2184,0.06030000000000002,448.242,1.309,6.706,7.117,33.18,0.5634000000000015,0.06030000000000002,-269.531,-1.922,-0.4079999999999995,0.1868,0.1782,0.161,0.1466,708.984,208.008,667.969,216.797,0.082,-0.724,-2.315,0.167,7.127,7.254,7.205,6.817,38.14041745730552,-37.55100846646503,-59.486227174249464,-5.735170087152087
Alex MZ02,Alex,1,477.8661,478.0529,79.71,1920.29,0.1868,-0.03160000000000002,708.984,0.082,7.127,7.687,30.52,14.311200000000042,-0.03160000000000002,260.742,-1.2269999999999999,0.4209999999999994,0.1782,0.161,0.1466,0.2846,208.008,667.969,216.797,747.07,-0.724,-2.315,0.167,2.065,7.254,7.205,6.817,7.31,-14.468864468864476,58.16991714297188,-93.73567608861725,6.277960035788836
Alex MZ02,Alex,1,478.487,478.6652,79.71,1355.072,0.1782,-0.008599999999999997,208.008,-0.724,7.254,7.773,24.76,0.620900000000006,-0.008599999999999997,-500.976,-0.8059999999999999,0.12699999999999978,0.161,0.1466,0.2846,0.2242,667.969,216.797,747.07,205.078,-2.315,0.167,2.065,-0.175,7.205,6.817,7.31,7.14,-4.603854389721626,-70.66111506042449,-982.9268292682925,1.7819559421916624
Alex MZ02,Alex,1,487.9139,488.0748,72.464,1253.623,0.161,-0.017199999999999993,667.969,-2.315,7.205,7.614,27.81,9.42689999999999,-0.017199999999999993,459.961,-1.591,-0.04899999999999949,0.1466,0.2846,0.2242,0.1638,216.797,747.07,205.078,178.711,0.167,2.065,-0.175,0.937,6.817,7.31,7.14,6.667,-9.652076318742981,221.1265912849506,219.75138121546962,-0.6754893851667976
Alex MZ02,Alex,1,510.0248,510.1713,50.725,1434.783,0.1466,-0.014399999999999996,216.797,0.167,6.817,7.222,30.92,22.110900000000015,-0.014399999999999996,-451.172,2.4819999999999998,-0.3879999999999999,0.2846,0.2242,0.1638,0.1782,747.07,205.078,178.711,187.5,2.065,-0.175,0.937,0.159,7.31,7.14,6.667,6.218,-8.944099378881985,-67.54385308300236,-107.21382289416846,-5.3851492019430935
Alex MZ02,Alex,1,513.228,513.5125,130.435,1086.957,0.2846,0.138,747.07,2.065,7.31,7.842,16.88,3.2031999999999243,0.138,530.273,1.898,0.49299999999999944,0.2242,0.1638,0.1782,0.184,205.078,178.711,187.5,216.797,-0.175,0.937,0.159,0.071,7.14,6.667,6.218,7.01,94.1336971350614,244.59425176547649,1136.5269461077844,7.231920199501239
Alex MZ02,Alex,1,529.6538,529.878,65.217,1536.232,0.2242,-0.06040000000000001,205.078,-0.175,7.14,7.57,28.37,16.425800000000095,-0.06040000000000001,-541.9920000000001,-2.2399999999999998,-0.16999999999999993,0.1638,0.1782,0.184,0.184,178.711,187.5,216.797,187.5,0.937,0.159,0.071,0.053,6.667,6.218,7.01,7.052,-21.222768798313425,-72.54902485710845,-108.47457627118644,-2.3255813953488365
Alex MZ02,Alex,1,532.28510000000006,532.4489,57.971,1318.841,0.1638,-0.06040000000000001,178.711,0.937,6.667,6.984,21.73,2.63130000000001,-0.06040000000000001,-26.36699999999999,1.112,-0.47299999999999986,0.1782,0.184,0.184,0.1696,187.5,216.797,187.5,735.352,0.159,0.071,0.053,0,6.218,7.01,7.052,6.993,-26.940231935771635,-12.857059265255167,-635.4285714285714,-6.624649859943976
Alex MZ02,Alex,1,534.0105,534.1887,57.971,971.014,0.1782,0.014399999999999996,187.5,0.159,6.218,6.056,21.33,1.7253999999999223,0.014399999999999996,8.788999999999987,-0.778,-0.44899999999999984,0.184,0.184,0.1696,0.2242,216.797,187.5,735.352,208.008,0.071,0.053,0,1.862,7.01,7.052,6.993,6.946,8.791208791208788,4.917996094252724,-83.03094983991461,-6.734663266836656
Alex MZ02,Alex,1,558.3818,558.5657,50.725,1601.449,0.184,0.0058,216.797,0.071,7.01,7.496,27.91,24.37130000000002,0.0058,29.296999999999997,-0.08800000000000001,0.7919999999999998,0.184,0.1696,0.2242,0.184,187.5,735.352,208.008,208.008,0.053,0,1.862,0.282,7.052,6.993,6.946,7.127,3.254769921436588,15.625066666666665,-55.345911949685544,12.737214538436795
Alex MZ02,Alex,1,576.3803,576.5643,94.203,1427.536,0.184,0,187.5,0.053,7.052,7.445,21.57,17.998500000000035,0,-29.296999999999997,-0.017999999999999995,0.041999999999999815,0.1696,0.2242,0.184,0.1782,735.352,208.008,208.008,205.078,0,1.862,0.282,-3.759,6.993,6.946,7.127,7.056,0,-13.513563379567058,-25.352112676056333,0.5991440798858747
Alex MZ02,Alex,1,578.2224,578.3919,57.971,1804.348,0.1696,-0.014399999999999996,735.352,0,6.993,7.412,23.85,1.8420999999999594,-0.014399999999999996,547.852,-0.053,-0.058999999999999275,0.2242,0.184,0.1782,0.1811,208.008,208.008,205.078,747.07,1.862,0.282,-3.759,0.229,6.946,7.127,7.056,7.172,-7.826086956521737,292.1877333333333,-100,-0.8366420873510959
Alex MZ02,Alex,1,583.8014,584.0256,79.71,1362.319,0.2242,0.05460000000000001,208.008,1.862,6.946,7.662,29.02,5.578999999999951,0.05460000000000001,-527.3439999999999,1.862,-0.0470000000000006,0.184,0.1782,0.1811,0.115,208.008,205.078,747.07,164.062,0.282,-3.759,0.229,0.774,7.127,7.056,7.172,6.764,32.193396226415096,-71.71313874171824,NA,-0.6721006721006806
Alex MZ02,Alex,1,603.9072,604.0912,57.971,1384.058,0.184,-0.040200000000000014,208.008,0.282,7.127,7.298,22.72,20.105800000000045,-0.040200000000000014,0,-1.58,0.18100000000000005,0.1782,0.1811,0.115,0.1696,205.078,747.07,164.062,767.578,-3.759,0.229,0.774,0.038,7.056,7.172,6.764,7.377,-17.930419268510263,0,-84.85499462943072,2.6058162971494396
Alex MZ02,Alex,1,621.1835,621.3617,79.71,1355.072,0.1782,-0.0058,205.078,-3.759,7.056,7.331,23.47,17.276299999999992,-0.0058,-2.930000000000007,-4.0409999999999995,-0.07099999999999973,0.1811,0.115,0.1696,0.138,747.07,164.062,767.578,169.922,0.229,0.774,0.038,4.519,7.172,6.764,7.377,6.613,-3.152173913043478,-1.408599669243494,-1432.978723404255,-0.9962115897291951
Alex MZ02,Alex,1,623.6443,623.8254,79.71,1405.797,0.1811,0.0029000000000000137,747.07,0.229,7.172,7.345,28.43,2.460800000000063,0.0029000000000000137,541.9920000000001,3.988,0.11599999999999966,0.115,0.1696,0.138,0.1495,164.062,767.578,169.922,161.133,0.774,0.038,4.519,-2.065,6.764,7.377,6.613,6.707,1.627384960718302,264.2857839456207,-106.09204575685023,1.6439909297052104
Alex MZ02,Alex,1,641.7213,641.8363,79.71,1340.58,0.115,-0.0661,164.062,0.774,6.764,6.239,16.23,18.076999999999998,-0.0661,-583.008,0.545,-0.4079999999999995,0.1696,0.138,0.1495,0.21560000000000001,767.578,169.922,161.133,205.078,0.038,4.519,-2.065,0.172,7.377,6.613,6.707,7.178,-36.49917172832689,-78.0392734281928,237.99126637554588,-5.688789737869485
Alex MZ02,Alex,1,659.5437,659.7132,50.725,1717.391,0.1696,0.054599999999999996,767.578,0.038,7.377,7.801,25.45,17.822399999999902,0.054599999999999996,603.516,-0.736,0.6129999999999995,0.138,0.1495,0.21560000000000001,0.2644,169.922,161.133,205.078,243.164,4.519,-2.065,0.172,1.881,6.613,6.707,7.178,7.477,47.47826086956521,367.85849252112,-95.09043927648578,9.062684801892365
Alex MZ02,Alex,1,682.7714,682.9094,101.449,1260.87,0.138,-0.03159999999999999,169.922,4.519,6.613,6.385,23.57,23.227700000000027,-0.03159999999999999,-597.656,4.481,-0.7639999999999993,0.1495,0.21560000000000001,0.2644,0.1552,161.133,205.078,243.164,210.938,-2.065,0.172,1.881,0.167,6.707,7.178,7.477,6.535,-18.632075471698105,-77.86257552978329,11792.105263157895,-10.356513487867689
Alex MZ02,Alex,1,683.1565,683.306,65.217,1326.087,0.1495,0.011499999999999982,161.133,-2.065,6.707,7.325,20.85,0.3851000000000795,0.011499999999999982,-8.788999999999987,-6.584,0.09399999999999942,0.21560000000000001,0.2644,0.1552,0.2127,205.078,243.164,210.938,172.852,0.172,1.881,0.167,-0.416,7.178,7.477,6.535,7.237,8.33333333333332,-5.172373206530048,-145.6959504315114,1.4214426130349223
Alex MZ02,Alex,1,685.0195,685.2351,79.71,1528.986,0.21560000000000001,0.06610000000000002,205.078,0.172,7.178,7.506,22.48,1.8629999999999427,0.06610000000000002,43.94499999999999,2.237,0.4710000000000001,0.2644,0.1552,0.2127,0.1351,243.164,210.938,172.852,219.727,1.881,0.167,-0.416,0.046,7.477,6.535,7.237,6.701,44.21404682274249,27.27250159805874,-108.32929782082326,7.022513791561057
Alex MZ02,Alex,1,686.6234,686.8878,57.971,1572.464,0.2644,0.04880000000000001,243.164,1.881,7.477,7.904,22.78,1.6038999999999533,0.04880000000000001,38.085999999999984,1.709,0.2990000000000004,0.1552,0.2127,0.1351,0.1581,210.938,172.852,219.727,175.781,0.167,-0.416,0.046,3.65,6.535,7.237,6.701,6.756,22.634508348794068,18.571470367372406,993.6046511627909,4.16550571189747
Alex MZ02,Alex,1,687.2467,687.4019,65.217,1275.362,0.1552,-0.10920000000000002,210.938,0.167,6.535,6.664,25.05,0.6233000000000857,-0.10920000000000002,-32.226,-1.714,-0.9420000000000002,0.2127,0.1351,0.1581,0.1983,172.852,219.727,175.781,184.57,-0.416,0.046,3.65,2.309,7.237,6.701,6.756,6.613,-41.30105900151286,-13.252784129229656,-91.1217437533227,-12.598635816503947
Alex MZ02,Alex,1,707.4494,707.6621,50.725,1710.145,0.2127,0.057499999999999996,172.852,-0.416,7.237,7.825,23.42,20.202699999999936,0.057499999999999996,-38.085999999999984,-0.583,0.702,0.1351,0.1581,0.1983,0.161,219.727,175.781,184.57,234.375,0.046,3.65,2.309,4.435,6.701,6.756,6.613,7.112,37.048969072164944,-18.055542386862484,-349.1017964071856,10.742157612853863
Alex MZ02,Alex,1,725.2755,725.4106,65.217,1891.304,0.1351,-0.0776,219.727,0.046,6.701,7.014,23.73,17.826099999999997,-0.0776,46.875,0.46199999999999997,-0.5360000000000005,0.1581,0.1983,0.161,0.161,175.781,184.57,234.375,169.922,3.65,2.309,4.435,0.083,6.756,6.613,7.112,6.859,-36.483309826046074,27.118575428690438,-111.0576923076923,-7.406383860715773
Alex MZ02,Alex,1,727.1914,727.3495,72.464,1369.565,0.1581,0.022999999999999993,175.781,3.65,6.756,7.083,23.16,1.9159000000000788,0.022999999999999993,-43.946,3.604,0.055000000000000604,0.1983,0.161,0.161,0.1351,184.57,234.375,169.922,213.867,2.309,4.435,0.083,-5.414,6.613,7.112,6.859,6.704,17.024426350851215,-20.00027306612296,7834.782608695653,0.8207730189524042
Alex MZ02,Alex,1,728.9041,729.1025,79.71,1210.145,0.1983,0.040200000000000014,184.57,2.309,6.613,6.742,21.15,1.712699999999927,0.040200000000000014,8.788999999999987,-1.3409999999999997,-0.1429999999999998,0.161,0.161,0.1351,0.1753,234.375,169.922,213.867,210.938,4.435,0.083,-5.414,0.229,7.112,6.859,6.704,6.466,25.42694497153701,4.999971555515094,-36.73972602739725,-2.1166370633510923
Alex MZ02,Alex,1,748.3682,748.5291,72.464,1528.986,0.161,-0.0373,234.375,4.435,7.112,7.771,22.33,19.46410000000003,-0.0373,49.80500000000001,2.1259999999999994,0.49899999999999967,0.161,0.1351,0.1753,0.138,169.922,213.867,210.938,166.992,0.083,-5.414,0.229,-0.025,6.859,6.704,6.466,5.818,-18.80988401412002,26.984341984071087,92.07449112169768,7.545743233025852
Alex MZ02,Alex,1,754.8083,754.9692,86.957,1123.188,0.161,0,169.922,0.083,6.859,7.382,24.72,6.4401000000000295,0,-64.453,-4.351999999999999,-0.2530000000000001,0.1351,0.1753,0.138,0.2242,213.867,210.938,166.992,172.852,-5.414,0.229,-0.025,0.783,6.704,6.466,5.818,6.411,0,-27.49994666666667,-98.12852311161218,-3.557367829021374
Alex MZ02,Alex,1,756.0442,756.1793,65.217,1007.246,0.1351,-0.025900000000000006,213.867,-5.414,6.704,6.863,21.25,1.235900000000015,-0.025900000000000006,43.94499999999999,-5.497,-0.15500000000000025,0.1753,0.138,0.2242,0.1408,210.938,166.992,172.852,181.641,0.229,-0.025,0.783,-0.042,6.466,5.818,6.411,6.748,-16.086956521739136,25.861866032650273,-6622.89156626506,-2.259804636244354
Alex MZ02,Alex,1,759.6141,759.7895,79.71,978.261,0.1753,0.040200000000000014,210.938,0.229,6.466,6.764,23.27,3.5698999999999614,0.040200000000000014,-2.929000000000002,5.643,-0.23799999999999955,0.138,0.2242,0.1408,NA,166.992,172.852,181.641,NA,-0.025,0.783,-0.042,NA,5.818,6.411,6.748,NA,29.7557364914878,-1.369542753206433,-104.22977465829331,-3.550119331742237
Alex MZ02,Alex,1,760.0309,760.1689,43.478,811.594,0.138,-0.0373,166.992,-0.025,5.818,5.818,18.71,0.41679999999996653,-0.0373,-43.946,-0.254,-0.6480000000000006,0.2242,0.1408,NA,NA,172.852,181.641,NA,NA,0.783,-0.042,NA,NA,6.411,6.748,NA,NA,-21.27780946948089,-20.833609875887703,-110.91703056768559,-10.021651716671832
Alex MZ02,Alex,1,783.0422,783.2664,86.957,1355.072,0.2242,0.0862,172.852,0.783,6.411,6.25,19.91,23.011300000000006,0.0862,5.860000000000014,0.808,0.593,0.1408,NA,NA,NA,181.641,NA,NA,NA,-0.042,NA,NA,NA,6.748,NA,NA,NA,62.46376811594202,3.5091501389288196,-3232,10.192506015812993
Alex MZ02,Alex,1,789.0331,789.174,57.971,1347.826,0.1408,-0.0834,181.641,-0.042,6.748,6.961,23.73,5.9909000000000106,-0.0834,8.788999999999987,-0.8250000000000001,0.33700000000000063,NA,NA,NA,NA,NA,NA,NA,NA,NA,NA,NA,NA,NA,NA,NA,NA,-37.198929527207845,5.084696734778879,-105.3639846743295,5.256590235532689
Alex MZ03,Alex,2,34.2558,34.4101,82.979,1391.489,0.1543,NA,172.852,6.607,7.318,7.233,20.02,NA,NA,NA,NA,NA,0.2443,0.2057,0.1757,0.18,187.5,184.57,172.852,178.711,0.499,0.229,0.669,-0.268,6.532,6.775,6.978,6.758,NA,NA,NA,NA
Alex MZ03,Alex,2,36.7564,37.0007,104.408,1371.23,0.2443,0.09,187.5,0.499,6.532,6.282,17.29,2.5005999999999986,0.09,14.647999999999996,-6.1080000000000005,-0.7859999999999996,0.2057,0.1757,0.18,0.2228,184.57,172.852,178.711,208.008,0.229,0.669,-0.268,0.244,6.775,6.978,6.758,6.822,58.32793259883344,8.47430171476176,-92.4474042682004,-10.740639518994257
Alex MZ03,Alex,2,43.0392,43.245,83.527,1350.348,0.2057,-0.038599999999999995,184.57,0.229,6.775,7.005,25.22,6.282800000000002,-0.038599999999999995,-2.930000000000007,-0.27,0.24300000000000033,0.1757,0.18,0.2228,0.1629,172.852,178.711,208.008,161.133,0.669,-0.268,0.244,0.104,6.978,6.758,6.822,6.354,-15.800245599672532,-1.5626666666666702,-54.10821643286573,3.720146968769142
Alex MZ03,Alex,2,61.5168,61.6925,76.566,1350.348,0.1757,-0.03,172.852,0.669,6.978,6.957,16.82,18.477600000000002,-0.03,-11.71799999999999,0.44000000000000006,0.2029999999999994,0.18,0.2228,0.1629,0.2357,178.711,208.008,161.133,184.57,-0.268,0.244,0.104,0.162,6.758,6.822,6.354,6.482,-14.584346135148273,-6.3488107493092,192.1397379912664,2.996309963099622
Alex MZ03,Alex,2,62.9568,63.1367,90.487,1322.506,0.18,0.004299999999999998,178.711,-0.268,6.758,7.031,18.66,1.4399999999999977,0.004299999999999998,5.859000000000009,-0.937,-0.21999999999999975,0.2228,0.1629,0.2357,0.2186,208.008,161.133,184.57,208.008,0.244,0.104,0.162,-0.627,6.822,6.354,6.482,7.104,2.4473534433693787,3.3896049799828805,-140.05979073243645,-3.152765835482943
Alex MZ03,Alex,2,70.1594,70.3822,83.527,1454.756,0.2228,0.042800000000000005,208.008,0.244,6.822,7.244,26.13,7.202600000000004,0.042800000000000005,29.296999999999997,0.512,0.06400000000000006,0.1629,0.2357,0.2186,0.1971,161.133,184.57,208.008,172.852,0.104,0.162,-0.627,2.769,6.354,6.482,7.104,7.079,23.777777777777782,16.393506835057718,-191.04477611940297,0.9470257472625045
Alex MZ03,Alex,2,93.4642,93.6271,62.645,1329.466,0.1629,-0.05990000000000001,161.133,0.104,6.354,6.313,16.56,23.3048,-0.05990000000000001,-46.875,-0.14,-0.46799999999999997,0.2357,0.2186,0.1971,0.2057,184.57,208.008,172.852,181.641,0.162,-0.627,2.769,0.214,6.482,7.104,7.079,6.411,-26.88509874326751,-22.535190954194068,-57.37704918032788,-6.860158311345646
Alex MZ03,Alex,2,99.3169,99.5526,83.527,1134.571,0.2357,0.0728,184.57,0.162,6.482,6.59,17.77,5.852699999999999,0.0728,23.436999999999983,0.05800000000000001,0.1280000000000001,0.2186,0.1971,0.2057,0.24,208.008,172.852,181.641,184.57,-0.627,2.769,0.214,-1.325,7.104,7.079,6.411,6.763,44.68999386126458,14.545127317185171,55.76923076923078,2.014479068303433
Alex MZ03,Alex,2,100.1398,100.3583,69.606,1385.151,0.2186,-0.017100000000000004,208.008,-0.627,7.104,7.318,19.3,0.82289999999999,-0.017100000000000004,23.438000000000017,-0.789,0.6219999999999999,0.1971,0.2057,0.24,0.2957,172.852,181.641,184.57,216.797,2.769,0.214,-1.325,0.428,7.079,6.411,6.763,6.886,-7.254985150615191,12.698705098336685,-487.037037037037,9.595803764270284
Alex MZ03,Alex,2,101.3311,101.5283,76.566,1371.23,0.1971,-0.02149999999999999,172.852,2.769,7.079,7.039,22.84,1.1913000000000125,-0.02149999999999999,-35.156000000000006,3.396,-0.025000000000000355,0.2057,0.24,0.2957,0.2186,181.641,184.57,216.797,216.797,0.214,-1.325,0.428,0.229,6.411,6.763,6.886,7.07,-9.83531564501372,-16.901273027960464,-541.6267942583731,-0.3519144144144194
Alex MZ03,Alex,2,154.2852,154.4909,76.566,1419.954,0.2057,0.008599999999999997,181.641,0.214,6.411,6.308,16.5,52.9541,0.008599999999999997,8.788999999999987,-2.555,-0.6680000000000001,0.24,0.2957,0.2186,0.18,184.57,216.797,216.797,184.57,-1.325,0.428,0.229,0.639,6.763,6.886,7.07,7.167,4.3632673769660055,5.084696734778879,-92.27157818707114,-9.436361067947454
Alex MZ03,Alex,2,200.5185,200.7585,97.448,1329.466,0.24,0.0343,184.57,-1.325,6.763,6.947,22.87,46.233299999999986,0.0343,2.929000000000002,-1.539,0.3520000000000003,0.2957,0.2186,0.18,0.1629,216.797,216.797,184.57,175.781,0.428,0.229,0.639,0.535,6.886,7.07,7.167,6.507,16.67476908118619,1.6125214021063539,-719.1588785046729,5.490563094681022
Alex MZ03,Alex,2,201.9413,202.237,90.487,1336.427,0.2957,0.05570000000000003,216.797,0.428,6.886,7.307,26.01,1.4228000000000236,0.05570000000000003,32.227000000000004,1.753,0.12300000000000022,0.2186,0.18,0.1629,0.1586,216.797,184.57,175.781,175.781,0.229,0.639,0.535,1.472,7.07,7.167,6.507,7.61,23.208333333333346,17.460584060248145,-132.30188679245282,1.8187195031790657
Alex MZ03,Alex,2,209.3248,209.5434,69.606,1385.151,0.2186,-0.07710000000000003,216.797,0.229,7.07,7.376,26.07,7.383499999999998,-0.07710000000000003,0,-0.19899999999999998,0.18400000000000016,0.18,0.1629,0.1586,0.1929,184.57,175.781,175.781,205.078,0.639,0.535,1.472,-0.049,7.167,6.507,7.61,6.827,-26.073723368278667,0,-46.495327102803735,2.6720882950914926
Alex MZ03,Alex,2,227.7548,227.9348,97.448,1433.875,0.18,-0.038599999999999995,184.57,0.639,7.167,7.185,21.25,18.42999999999998,-0.038599999999999995,-32.227000000000004,0.41000000000000003,0.09699999999999953,0.1629,0.1586,0.1929,0.1843,175.781,175.781,205.078,219.727,0.535,1.472,-0.049,0.388,6.507,7.61,6.827,7.298,-17.657822506861848,-14.865058095822361,179.03930131004367,1.3719943422913654
Alex MZ03,Alex,2,235.5411,235.7039,83.527,1392.111,0.1629,-0.017100000000000004,175.781,0.535,6.507,6.361,17.05,7.786300000000011,-0.017100000000000004,-8.788999999999987,-0.10399999999999998,-0.6600000000000001,0.1586,0.1929,0.1843,0.1757,175.781,205.078,219.727,175.781,1.472,-0.049,0.388,-0.776,7.61,6.827,7.298,7.011,-9.500000000000004,-4.761878961911463,-16.2754303599374,-9.208874005860194
Alex MZ03,Alex,2,251.4145,251.573,83.527,1419.954,0.1586,-0.004299999999999998,175.781,1.472,7.61,7.899,17.82,15.873400000000004,-0.004299999999999998,0,0.9369999999999999,1.1030000000000006,0.1929,0.1843,0.1757,0.18,205.078,219.727,175.781,181.641,-0.049,0.388,-0.776,-1.278,6.827,7.298,7.011,7.87,-2.639656230816451,0,175.14018691588782,16.950975872137708
Alex MZ03,Alex,2,254.7531,254.9459,90.487,1385.151,0.1929,0.0343,205.078,-0.049,6.827,7.216,21.15,3.3385999999999854,0.0343,29.296999999999997,-1.521,-0.7830000000000004,0.1843,0.1757,0.18,0.2057,219.727,175.781,181.641,184.57,0.388,-0.776,-1.278,0.602,7.298,7.011,7.87,7.394,21.626733921815887,16.666761481616327,-103.32880434782608,-10.289093298291725
Alex MZ03,Alex,2,256.2103,256.3946,69.606,1371.23,0.1843,-0.008599999999999997,219.727,0.388,7.298,7.891,22.44,1.4572000000000287,-0.008599999999999997,14.649000000000001,0.437,0.4710000000000001,0.1757,0.18,0.2057,0.1971,175.781,181.641,184.57,694.336,-0.776,-1.278,0.602,2.539,7.011,7.87,7.394,7.023,-4.458268532918609,7.143135782482762,-891.8367346938775,6.899077193496413
Alex MZ03,Alex,2,272.8101,272.9858,76.566,1238.979,0.1757,-0.008599999999999997,175.781,-0.776,7.011,7.228,20.53,16.59979999999996,-0.008599999999999997,-43.946,-1.1640000000000001,-0.2869999999999999,0.18,0.2057,0.1971,0.1629,181.641,184.57,694.336,210.938,-1.278,0.602,2.539,2.982,7.87,7.394,7.023,6.759,-4.666304937601735,-20.00027306612296,-300.00000000000006,-3.9325842696629207
Alex MZ03,Alex,2,297.3046,297.4846,83.527,1419.954,0.18,0.004299999999999998,181.641,-1.278,7.87,8.286,17.54,24.494500000000016,0.004299999999999998,5.859999999999985,-0.502,0.859,0.2057,0.1971,0.1629,0.2657,184.57,694.336,210.938,210.938,0.602,2.539,2.982,1.055,7.394,7.023,6.759,6.534,2.4473534433693787,3.3336936301420437,64.69072164948454,12.25217515333048
Alex MZ03,Alex,2,297.9174,298.1232,69.606,1371.23,0.2057,0.0257,184.57,0.602,7.394,7.641,22.2,0.6127999999999929,0.0257,2.929000000000002,1.88,-0.476,0.1971,0.1629,0.2657,0.1757,694.336,210.938,210.938,178.711,2.539,2.982,1.055,2.259,7.023,6.759,6.534,6.955,14.277777777777779,1.6125214021063539,-147.10485133020345,-6.04828462515883
Alex MZ03,Alex,2,298.7703,298.9674,83.527,1371.23,0.1971,-0.008599999999999997,694.336,2.539,7.023,7.439,26.45,0.8529000000000337,-0.008599999999999997,509.766,1.9370000000000003,-0.37100000000000044,0.1629,0.2657,0.1757,0.2357,210.938,210.938,178.711,175.781,2.982,1.055,2.259,2.105,6.759,6.534,6.955,7.4,-4.180845892075837,276.1911469903018,321.76079734219275,-5.017581823099817
Alex MZ03,Alex,2,300.4022,300.5651,13.921,1315.545,0.1629,-0.03420000000000001,210.938,2.982,6.759,7.231,27.96,1.6318999999999733,-0.03420000000000001,-483.398,0.44300000000000006,-0.26399999999999935,0.2657,0.1757,0.2357,0.1414,210.938,178.711,175.781,158.203,1.055,2.259,2.105,0.941,6.534,6.955,7.4,5.918,-17.351598173515985,-69.62018388791594,17.447814100039388,-3.7590773173857235
Alex MZ03,Alex,2,304.0389,304.3046,76.566,1266.821,0.2657,0.1028,210.938,1.055,6.534,6.956,28.52,3.636700000000019,0.1028,0,-1.9270000000000003,-0.22500000000000053,0.1757,0.2357,0.1414,0.2143,178.711,175.781,158.203,216.797,2.259,2.105,0.941,0.229,6.955,7.4,5.918,6.394,63.106200122774716,0,-64.62105969148223,-3.328894806924109
Alex MZ03,Alex,2,322.3553,322.531,83.527,1378.19,0.1757,-0.09,178.711,2.259,6.955,6.942,16.01,18.316399999999987,-0.09,-32.226999999999975,1.204,0.42100000000000026,0.2357,0.1414,0.2143,0.2143,175.781,158.203,216.797,679.688,2.105,0.941,0.229,2.366,7.4,5.918,6.394,6.964,-33.87278885961611,-15.277948970787614,114.12322274881517,6.443220079583719
Alex MZ03,Alex,2,323.8209,324.0566,76.566,1406.032,0.2357,0.06,175.781,2.105,7.4,7.821,20.94,1.465599999999995,0.06,-2.930000000000007,-0.15399999999999991,0.4450000000000003,0.1414,0.2143,0.2143,0.1971,158.203,216.797,679.688,175.781,0.941,0.229,2.366,2.114,5.918,6.394,6.964,6.142,34.14911781445646,-1.6395185522995264,-6.817175741478527,6.398274622573692
Alex MZ03,Alex,2,328.9193,329.0607,62.645,1016.241,0.1414,-0.0943,158.203,0.941,5.918,5.837,16.91,5.0984000000000265,-0.0943,-17.578000000000003,-1.1640000000000001,-1.4820000000000002,0.2143,0.2143,0.1971,0.21,216.797,679.688,175.781,729.492,0.229,2.366,2.114,0.214,6.394,6.964,6.142,6.946,-40.008485362749255,-9.999943111030204,-55.29691211401426,-20.027027027027028
Alex MZ03,Alex,2,329.785,329.9993,69.606,1218.097,0.2143,0.07289999999999999,216.797,0.229,6.394,6.736,26.43,0.8657000000000039,0.07289999999999999,58.593999999999994,-0.712,0.476,0.2143,0.1971,0.21,0.1929,679.688,175.781,729.492,181.641,2.366,2.114,0.214,2.54,6.964,6.142,6.946,6.88,51.55586987270156,37.03722432570811,-75.66418703506908,8.043257857384251
Alex MZ03,Alex,2,330.1964,330.4107,83.527,1308.585,0.2143,0,679.688,2.366,6.964,7.426,26.27,0.4113999999999578,0,462.89099999999996,2.137,0.5700000000000003,0.1971,0.21,0.1929,0.1971,175.781,729.492,181.641,720.703,2.114,0.214,2.54,0.819,6.142,6.946,6.88,7.87,0,213.51356337956707,933.1877729257642,8.914607444479202
Alex MZ03,Alex,2,351.1743,351.3714,83.527,974.478,0.1971,-0.017199999999999993,175.781,2.114,6.142,6.464,21.93,20.977900000000034,-0.017199999999999993,-503.907,-0.2520000000000002,-0.8220000000000001,0.21,0.1929,0.1971,0.2357,729.492,181.641,720.703,178.711,0.214,2.54,0.819,0.178,6.946,6.88,7.87,6.928,-8.026131591227248,-74.13798684102117,-10.650887573964505,-11.803561171740379
Alex MZ03,Alex,2,353.5251,353.7351,69.606,1343.387,0.21,0.012899999999999995,729.492,0.214,6.946,7.563,27.61,2.3507999999999925,0.012899999999999995,553.711,-1.9,0.8039999999999994,0.1929,0.1971,0.2357,0.2014,181.641,720.703,178.711,503.906,2.54,0.819,0.178,-1.223,6.88,7.87,6.928,6.887,6.544901065449007,315.00048355624324,-89.87701040681173,13.090198632367297
Alex MZ03,Alex,2,374.1238,374.3166,62.645,1385.151,0.1929,-0.017100000000000004,181.641,2.54,6.88,7.374,21.38,20.598700000000008,-0.017100000000000004,-547.851,2.326,-0.06599999999999984,0.1971,0.2357,0.2014,0.2143,720.703,178.711,503.906,178.711,0.819,0.178,-1.223,0.244,7.87,6.928,6.887,6.343,-8.142857142857144,-75.10034380089158,1086.9158878504675,-0.9501871580765885
Alex MZ03,Alex,2,391.9771,392.1742,62.645,2331.787,0.1971,0.004200000000000009,720.703,0.819,7.87,8.321,20.68,17.85329999999999,0.004200000000000009,539.062,-1.721,0.9900000000000002,0.2357,0.2014,0.2143,0.2357,178.711,503.906,178.711,706.055,0.178,-1.223,0.244,0.242,6.928,6.887,6.343,6.857,2.177293934681187,296.7733055862939,-67.75590551181102,14.389534883720934
Alex MZ03,Alex,2,401.2069,401.4426,69.606,1315.545,0.2357,0.038599999999999995,178.711,0.178,6.928,7.019,22.42,9.229800000000012,0.038599999999999995,-541.992,-0.641,-0.9420000000000002,0.2014,0.2143,0.2357,0.2571,503.906,178.711,706.055,251.953,-1.223,0.244,0.242,0.628,6.887,6.343,6.857,6.962,19.58396752917301,-75.20323905964038,-78.26617826617827,-11.96950444726811
Alex MZ03,Alex,2,403.204,403.4054,76.566,1162.413,0.2014,-0.0343,503.906,-1.223,6.887,7.464,25.02,1.997099999999989,-0.0343,325.195,-1.401,-0.04100000000000037,0.2143,0.2357,0.2571,0.1886,178.711,706.055,251.953,647.461,0.244,0.242,0.628,-0.049,6.343,6.857,6.962,6.974,-14.552397114976664,181.96697461264276,-787.0786516853933,-0.5918013856812987
Alex MZ03,Alex,2,403.864,404.0783,90.487,1030.162,0.2143,0.012899999999999995,178.711,0.244,6.343,6.086,20.25,0.6599999999999682,0.012899999999999995,-325.195,1.467,-0.5439999999999996,0.2357,0.2571,0.1886,0.12,706.055,251.953,647.461,169.922,0.242,0.628,-0.049,0,6.857,6.962,6.974,6.277,6.405163853028796,-64.53485372271813,-119.95094031071136,-7.898940031944238
Alex MZ03,Alex,2,408.956,409.1917,55.684,1259.861,0.2357,0.021400000000000002,706.055,0.242,6.857,7.291,28.54,5.092000000000041,0.021400000000000002,527.3439999999999,-0.0020000000000000018,0.5140000000000002,0.2571,0.1886,0.12,0.1906,251.953,647.461,169.922,178.711,0.628,-0.049,0,-5.67,6.962,6.974,6.277,6.608,9.986000933271116,295.08200390574723,-0.8196721311475417,8.103421094119506
Alex MZ03,Alex,2,411.2533,411.5104,76.566,1371.23,0.2571,0.021400000000000002,251.953,0.628,6.962,7.562,26.38,2.297300000000007,0.021400000000000002,-454.102,0.386,0.10499999999999954,0.1886,0.12,0.1906,0.2143,647.461,169.922,178.711,187.5,-0.049,0,-5.67,-4.043,6.974,6.277,6.608,7.21,9.07933814170556,-64.31538619512645,159.50413223140495,1.5312819017062786
Alex MZ03,Alex,2,435.3535,435.5421,62.645,1329.466,0.1886,-0.0685,647.461,-0.049,6.974,7.475,25.51,24.100199999999973,-0.0685,395.50800000000004,-0.677,0.012000000000000455,0.12,0.1906,0.2143,0.2443,169.922,178.711,187.5,708.984,0,-5.67,-4.043,2.485,6.277,6.608,7.21,7.125,-26.643329443796194,156.97689648466184,-107.80254777070064,0.1723642631427816
Alex MZ03,Alex,2,439.7844,439.9044,76.566,1308.585,0.12,-0.0686,169.922,0,6.277,6.219,18.56,4.430900000000008,-0.0686,-477.539,0.049,-0.6970000000000001,0.1906,0.2143,0.2443,0.2357,178.711,187.5,708.984,187.5,-5.67,-4.043,2.485,-0.013,6.608,7.21,7.125,6.305,-36.37327677624602,-73.75563933580555,-100,-9.994264410668197
Alex MZ03,Alex,2,450.4723,450.663,76.566,1266.821,0.1906,0.0706,178.711,-5.67,6.608,6.208,15.59,10.687900000000013,0.0706,8.789000000000016,-5.67,0.3309999999999995,0.2143,0.2443,0.2357,0.2828,187.5,708.984,187.5,210.938,-4.043,2.485,-0.013,1.529,7.21,7.125,6.305,7.559,58.833333333333336,5.1723732065300645,NA,5.273219690935152
Alex MZ03,Alex,2,452.1351,452.3494,69.606,1336.427,0.2143,0.0237,187.5,-4.043,7.21,7.616,24.57,1.6628000000000043,0.0237,8.788999999999987,1.6269999999999998,0.6020000000000003,0.2443,0.2357,0.2828,0.2657,708.984,187.5,210.938,178.711,2.485,-0.013,1.529,-0.172,7.125,6.305,7.559,7.235,12.434417628541448,4.917996094252724,-28.694885361552025,9.11016949152543
Alex MZ03,Alex,2,473.4488,473.6931,55.684,1419.954,0.2443,0.03,708.984,2.485,7.125,7.577,27.84,21.313699999999983,0.03,521.484,6.5280000000000005,-0.08499999999999996,0.2357,0.2828,0.2657,0.2657,187.5,210.938,178.711,172.852,-0.013,1.529,-0.172,1.961,6.305,7.559,7.235,7.193,13.99906672888474,278.1248,-161.46425921345536,-1.1789181692094308
Alex MZ03,Alex,2,485.4411,485.6768,83.527,675.174,0.2357,-0.008599999999999997,187.5,-0.013,6.305,6.351,16.29,11.9923,-0.008599999999999997,-521.484,-2.4979999999999998,-0.8200000000000003,0.2828,0.2657,0.2657,0.1629,210.938,178.711,172.852,213.867,1.529,-0.172,1.961,-3.498,7.559,7.235,7.193,7.738,-3.5202619729840343,-73.5537050201415,-100.523138832998,-11.508771929824565
Alex MZ03,Alex,2,557.5209,557.8038,76.566,1433.875,0.2828,0.0471,210.938,1.529,7.559,7.95,18.79,72.07979999999998,0.0471,23.437999999999988,1.5419999999999998,1.2540000000000004,0.2657,0.2657,0.1629,0.1714,178.711,172.852,213.867,161.133,-0.172,1.961,-3.498,-0.593,7.235,7.193,7.738,7.114,19.983029274501487,12.50026666666666,-11861.538461538461,19.88897700237907
Alex MZ03,Alex,2,560.3197,560.5854,62.645,1392.111,0.2657,-0.017100000000000004,178.711,-0.172,7.235,7.695,21.43,2.7988000000000284,-0.017100000000000004,-32.226999999999975,-1.7009999999999998,-0.32399999999999984,0.2657,0.1629,0.1714,0.2014,172.852,213.867,161.133,225.586,1.961,-3.498,-0.593,0.841,7.193,7.738,7.114,6.913,-6.046676096181048,-15.277948970787614,-111.24918247220405,-4.286281254134142
Alex MZ03,Alex,2,573.6513,573.917,62.645,1364.269,0.2657,0,172.852,1.961,7.193,7.453,21.91,13.33159999999998,0,-5.859000000000009,2.133,-0.0420000000000007,0.1629,0.1714,0.2014,0.1671,213.867,161.133,225.586,213.867,-3.498,-0.593,0.841,4.034,7.738,7.114,6.913,6.967,0,-3.278477541953214,-1240.1162790697676,-0.5805114029025668
Alex MZ03,Alex,2,590.821,590.9839,76.566,2443.155,0.1629,-0.1028,213.867,-3.498,7.738,8.339,19.55,17.169700000000034,-0.1028,41.014999999999986,-5.4590000000000005,0.5450000000000008,0.1714,0.2014,0.1671,0.1243,161.133,225.586,213.867,166.992,-0.593,0.841,4.034,5.047,7.114,6.913,6.967,6.304,-38.690252164094844,23.72839191909841,-278.3783783783784,7.576810788266382
Alex MZ03,Alex,2,594.7148,594.8863,48.724,2645.012,0.1714,0.008500000000000008,161.133,-0.593,7.114,7.196,19.54,3.893799999999942,0.008500000000000008,-52.73399999999998,2.9050000000000002,-0.6240000000000006,0.2014,0.1671,0.1243,0.2014,225.586,213.867,166.992,181.641,0.841,4.034,5.047,1.065,6.913,6.967,6.304,7.032,5.217925107427875,-24.65738052153908,-83.04745568896512,-8.064099250452319
Alex MZ03,Alex,2,627.2756,627.477,55.684,1712.297,0.2014,0.03,225.586,0.841,6.913,7.464,26.63,32.560800000000086,0.03,64.453,1.434,-0.20099999999999962,0.1671,0.1243,0.2014,0.1629,213.867,166.992,181.641,181.641,4.034,5.047,1.065,0.249,6.967,6.304,7.032,6.576,17.50291715285881,39.999875878932315,-241.8212478920742,-2.8254146752881586
Alex MZ03,Alex,2,631.3527,631.5198,41.763,1531.323,0.1671,-0.0343,213.867,4.034,6.967,7.246,23.89,4.077099999999973,-0.0343,-11.719000000000023,3.1929999999999996,0.05399999999999938,0.1243,0.2014,0.1629,0.2186,166.992,181.641,181.641,210.938,5.047,1.065,0.249,0.301,6.304,7.032,6.576,7.224,-17.030784508440913,-5.194914578032335,379.667063020214,0.7811369882829362
Alex MZ03,Alex,2,661.1234,661.2476,97.448,1085.847,0.1243,-0.042800000000000005,166.992,5.047,6.304,6.135,16.22,29.77069999999992,-0.042800000000000005,-46.875,1.013,-0.6629999999999994,0.2014,0.1629,0.2186,0.2143,181.641,181.641,210.938,210.938,1.065,0.249,0.301,0.115,7.032,6.576,7.224,6.976,-25.613405146618796,-21.917827434807617,25.111551809618245,-9.516291086550874
Alex MZ03,Alex,2,661.6719,661.8733,83.527,1329.466,0.2014,0.0771,181.641,1.065,7.032,7.101,20.09,0.5485000000001037,0.0771,14.649000000000001,-3.9819999999999998,0.7279999999999998,0.1629,0.2186,0.2143,0.2314,181.641,210.938,210.938,225.586,0.249,0.301,0.115,0.135,6.576,7.224,6.976,6.591,62.02735317779566,8.7722765162403,-78.89835545868833,11.548223350253803
Alex MZ03,Alex,2,698.5681,698.7309,69.606,1503.48,0.1629,-0.038500000000000006,181.641,0.249,6.576,6.512,17.78,36.89619999999991,-0.038500000000000006,0,-0.816,-0.4560000000000004,0.2186,0.2143,0.2314,0.18,210.938,210.938,225.586,199.219,0.301,0.115,0.135,0.124,7.224,6.976,6.591,6.614,-19.11618669314797,0,-76.61971830985915,-6.484641638225262
Alex MZ03,Alex,2,706.2229,706.4414,62.645,1357.309,0.2186,0.0557,210.938,0.301,7.224,7.703,24.3,7.654800000000023,0.0557,29.296999999999997,0.05199999999999999,0.6480000000000006,0.2143,0.2314,0.18,0.1929,210.938,225.586,199.219,216.797,0.115,0.135,0.124,4.293,6.976,6.591,6.614,7.114,34.19275629220381,16.129067776548244,20.88353413654618,9.854014598540155
Alex MZ03,Alex,2,726.7291,726.9434,69.606,1301.624,0.2143,-0.004299999999999998,210.938,0.115,6.976,7.133,21.37,20.506200000000035,-0.004299999999999998,0,-0.186,-0.24800000000000022,0.2314,0.18,0.1929,0.21,225.586,199.219,216.797,187.5,0.135,0.124,4.293,1.075,6.591,6.614,7.114,6.787,-1.967063129002744,0,-61.79401993355482,-3.433001107419715
Alex MZ03,Alex,2,727.9162,728.1477,55.684,1245.94,0.2314,0.017100000000000004,225.586,0.135,6.591,7.242,21,1.1870999999999867,0.017100000000000004,14.648000000000025,0.020000000000000004,-0.3849999999999998,0.18,0.1929,0.21,0.2143,199.219,216.797,187.5,735.352,0.124,4.293,1.075,0.26,6.614,7.114,6.787,7.116,7.979468035464304,6.9442205766623495,17.39130434782609,-5.518922018348621
Alex MZ03,Alex,2,746.0483,746.2283,55.684,1343.387,0.18,-0.0514,199.219,0.124,6.614,6.46,15.85,18.132100000000037,-0.0514,-26.36700000000002,-0.01100000000000001,0.022999999999999687,0.1929,0.21,0.2143,0.18,216.797,187.5,735.352,184.57,4.293,1.075,0.26,0.106,7.114,6.787,7.116,6.694,-22.212618841832327,-11.688225333132383,-8.148148148148154,0.348960703990285
Alex MZ03,Alex,2,751.47,751.6629,62.645,1419.954,0.1929,0.012899999999999995,216.797,4.293,7.114,7.368,20.57,5.421699999999987,0.012899999999999995,17.578000000000003,4.1690000000000005,0.5,0.21,0.2143,0.18,0.2014,187.5,735.352,184.57,216.797,1.075,0.26,0.106,2.462,6.787,7.116,6.694,7.004,7.166666666666664,8.823455594094941,3362.0967741935488,7.559721802237678
Alex MZ03,Alex,2,772.465,772.675,83.527,1329.466,0.21,0.017100000000000004,187.5,1.075,6.787,6.542,19.92,20.995000000000005,0.017100000000000004,-29.296999999999997,-3.218,-0.32699999999999996,0.2143,0.18,0.2014,0.2014,735.352,184.57,216.797,155.273,0.26,0.106,2.462,0.508,7.116,6.694,7.004,6.659,8.8646967340591,-13.513563379567058,-74.95923596552527,-4.596570143379251
Alex MZ03,Alex,2,774.4764,774.6907,62.645,1684.455,0.2143,0.004299999999999998,735.352,0.26,7.116,7.977,26.35,2.0113999999999805,0.004299999999999998,547.852,-0.815,0.32899999999999974,0.18,0.2014,0.2014,0.2057,184.57,216.797,155.273,228.516,0.106,2.462,0.508,0.275,6.694,7.004,6.659,6.659,2.0476190476190466,292.1877333333333,-75.81395348837209,4.847502578458815
Alex MZ03,Alex,2,777.976,778.156,69.606,1204.176,0.18,-0.0343,184.57,0.106,6.694,6.876,21.4,3.4995999999999867,-0.0343,-550.7819999999999,-0.15400000000000003,-0.4219999999999997,0.2014,0.2014,0.2057,0.2014,216.797,155.273,228.516,228.516,2.462,0.508,0.275,0.826,7.004,6.659,6.659,6.523,-16.005599626691552,-74.90045583611658,-59.23076923076924,-5.930297920179872
Alex MZ03,Alex,2,797.5609,797.7623,34.803,1336.427,0.2014,0.021400000000000002,216.797,2.462,7.004,7.326,21.68,19.584899999999948,0.021400000000000002,32.227000000000004,2.3560000000000003,0.3099999999999996,0.2014,0.2057,0.2014,0.1971,155.273,228.516,228.516,166.992,0.508,0.275,0.826,-0.066,6.659,6.659,6.523,6.358,11.888888888888891,17.460584060248145,2222.6415094339627,4.631012847325958
Alex MZ03,Alex,2,802.0226,802.224,41.763,1343.387,0.2014,0,155.273,0.508,6.659,6.293,18.07,4.461700000000064,0,-61.524,-1.9540000000000002,-0.34499999999999975,0.2057,0.2014,0.1971,0.21,228.516,228.516,166.992,172.852,0.275,0.826,-0.066,-1.545,6.659,6.523,6.358,6.814,0,-28.37862147538942,-79.36636880584891,-4.925756710451167
Alex MZ03,Alex,2,806.808,807.0137,62.645,1315.545,0.2057,0.004299999999999998,228.516,0.275,6.659,7.081,32.4,4.7853999999999814,0.004299999999999998,73.243,-0.23299999999999998,0,0.2014,0.1971,0.21,NA,228.516,166.992,172.852,NA,0.826,-0.066,-1.545,NA,6.523,6.358,6.814,NA,2.1350546176762655,47.17046749917886,-45.86614173228346,0
Alex MZ03,Alex,2,810.2068,810.4082,69.606,1009.281,0.2014,-0.004299999999999998,228.516,0.826,6.523,6.907,25.73,3.398800000000051,-0.004299999999999998,0,0.5509999999999999,-0.13600000000000012,0.1971,0.21,NA,NA,166.992,172.852,NA,NA,-0.066,-1.545,NA,NA,6.358,6.814,NA,NA,-2.0904229460379185,0,200.36363636363635,-2.042348701006159
Alex MZ03,Alex,2,828.2595,828.4566,69.606,1364.269,0.1971,-0.004299999999999998,166.992,-0.066,6.358,6.048,17.73,18.05269999999996,-0.004299999999999998,-61.524,-0.8919999999999999,-0.16500000000000004,0.21,NA,NA,NA,172.852,NA,NA,NA,-1.545,NA,NA,NA,6.814,NA,NA,NA,-2.1350546176762655,-26.923278895132068,-107.99031476997578,-2.529510961214166
Alex MZ03,Alex,2,831.204,831.414,76.566,1169.374,0.21,0.012899999999999995,172.852,-1.545,6.814,6.703,18.85,2.944499999999948,0.012899999999999995,5.860000000000014,-1.4789999999999999,0.4560000000000004,NA,NA,NA,NA,NA,NA,NA,NA,NA,NA,NA,NA,NA,NA,NA,NA,6.544901065449007,3.5091501389288196,2240.9090909090905,7.1720666876376296
Riet MZ04,Riet,1,139.7925,140.5062,25.532,1314.894,0.7137,NA,137.695,-1.614,7.068,7.418,16.43,NA,NA,NA,NA,NA,1.6095,0.822,0.315,0.3839,149.414,152.344,134.766,172.852,0.088,0.039,0.134,1.527,6.855,6.463,6.692,7.435,NA,NA,NA,NA
Riet MZ04,Riet,1,203.2453,204.8548,19.149,1385.106,1.6095,0.8957999999999999,149.414,0.088,6.855,6.869,19.92,63.452799999999996,0.8957999999999999,11.718999999999994,1.7020000000000002,-0.2129999999999992,0.822,0.315,0.3839,0.9204,152.344,134.766,172.852,149.414,0.039,0.134,1.527,0.084,6.463,6.692,7.435,7.238,125.5149222362337,8.51083917353571,-105.45229244114003,-3.013582342954148
Riet MZ04,Riet,1,669.6869,670.5089,19.149,1346.809,0.822,-0.7875,152.344,0.039,6.463,6.545,17.94,466.44160000000005,-0.7875,2.930000000000007,-0.048999999999999995,-0.39200000000000035,0.315,0.3839,0.9204,0.9893,134.766,172.852,149.414,149.414,0.134,1.527,0.084,0.048,6.692,7.435,7.238,7.129,-48.928238583411,1.960994284337483,-55.68181818181818,-5.718453683442747
Riet MZ04,Riet,1,682.6182,682.9332,31.915,1334.043,0.315,-0.5069999999999999,134.766,0.134,6.692,6.418,20.63,12.931299999999965,-0.5069999999999999,-17.578000000000003,0.095,0.2290000000000001,0.3839,0.9204,0.9893,1.2699,172.852,149.414,149.414,650.391,1.527,0.084,0.048,-0.79,7.435,7.238,7.129,7.574,-61.67883211678831,-11.538360552433968,243.58974358974362,3.5432461705090526
Riet MZ04,Riet,1,682.9381,683.3221,25.532,1397.872,0.3839,0.06890000000000002,172.852,1.527,7.435,7.743,19.94,0.31989999999996144,0.06890000000000002,38.08600000000001,1.3929999999999998,0.7429999999999994,0.9204,0.9893,1.2699,1.0385,149.414,149.414,650.391,161.133,0.084,0.048,-0.79,0.482,7.238,7.129,7.574,7.561,21.873015873015877,28.26083730317737,1039.5522388059699,11.102809324566639
Riet MZ04,Riet,1,691.0638,691.9842,31.915,1385.106,0.9204,0.5365,149.414,0.084,7.238,7.672,20.11,8.125700000000052,0.5365,-23.438000000000017,-1.4429999999999998,-0.19699999999999918,0.9893,1.2699,1.0385,1.2945,149.414,650.391,161.133,166.992,0.048,-0.79,0.482,0.096,7.129,7.574,7.561,6.622,139.7499348788747,-13.559576979149801,-94.49901768172887,-2.6496301277740306
Riet MZ04,Riet,1,700.6203,701.6096,25.532,1359.574,0.9893,0.06889999999999996,149.414,0.048,7.129,7.33,19.83,9.556500000000028,0.06889999999999996,0,-0.036000000000000004,-0.10900000000000087,1.2699,1.0385,1.2945,1.1665,650.391,161.133,166.992,585.938,-0.79,0.482,0.096,-0.9,7.574,7.561,6.622,7.064,7.485875706214686,0,-42.85714285714286,-1.5059408676430073
Riet MZ04,Riet,1,708.7657,710.0355,12.766,1410.638,1.2699,0.28060000000000007,650.391,-0.79,7.574,8.099,20,8.145399999999995,0.28060000000000007,500.977,-0.8380000000000001,0.4450000000000003,1.0385,1.2945,1.1665,0.2215,161.133,166.992,585.938,96.68,0.482,0.096,-0.9,-0.189,7.561,6.622,7.064,7.406,28.363489335894077,335.29455071144605,-1745.8333333333335,6.2421096928040445
Riet MZ04,Riet,1,717.4163,718.4549,12.766,1442.553,1.0385,-0.23140000000000005,161.133,0.482,7.561,8.135,19.22,8.65059999999994,-0.23140000000000005,-489.2579999999999,1.272,-0.0129999999999999,1.2945,1.1665,0.2215,0.6349,166.992,585.938,96.68,158.203,0.096,-0.9,-0.189,0.019,6.622,7.064,7.406,7.28,-18.2219072367903,-75.22521068095959,-161.0126582278481,-0.1716398204383404
Riet MZ04,Riet,1,727.1633,728.4577,19.149,1378.723,1.2945,0.256,166.992,0.096,6.622,6.922,19.74,9.747000000000071,0.256,5.8589999999999804,-0.386,-0.9390000000000001,1.1665,0.2215,0.6349,0.4085,585.938,96.68,158.203,547.852,-0.9,-0.189,0.019,1.147,7.064,7.406,7.28,7.613,24.650938854116518,3.6361266779616717,-80.08298755186722,-12.418992196799367
Riet MZ04,Riet,1,736.385,737.5515,19.149,1346.809,1.1665,-0.1279999999999999,585.938,-0.9,7.064,7.362,18.63,9.221699999999942,-0.1279999999999999,418.946,-0.996,0.44200000000000017,0.2215,0.6349,0.4085,0.5267,96.68,158.203,547.852,146.484,-0.189,0.019,1.147,1.158,7.406,7.28,7.613,6.506,-9.887987640015442,250.87788636581396,-1037.5,6.674720628209004
Riet MZ04,Riet,1,746.8119,747.0334,12.766,1270.213,0.2215,-0.9450000000000001,96.68,-0.189,7.406,7.899,15.24,10.426900000000046,-0.9450000000000001,-489.258,0.7110000000000001,0.34199999999999964,0.6349,0.4085,0.5267,1.2453,158.203,547.852,146.484,594.727,0.019,1.147,1.158,0.338,7.28,7.613,6.506,7.358,-81.01157308186883,-83.49996074670017,-79,4.841449603624004
Riet MZ04,Riet,1,756.7444,757.3793,12.766,1385.106,0.6349,0.4134,158.203,0.019,7.28,7.656,21.74,9.932500000000005,0.4134,61.522999999999996,0.208,-0.12599999999999945,0.4085,0.5267,1.2453,0.9007,547.852,146.484,594.727,650.391,1.147,1.158,0.338,0.582,7.613,6.506,7.358,7.37,186.63656884875846,63.63570541994207,-110.05291005291005,-1.701323251417762
Riet MZ04,Riet,1,757.5811,757.9896,6.383,1397.872,0.4085,-0.22640000000000005,547.852,1.147,7.613,8.154,19.23,0.8366999999999507,-0.22640000000000005,389.649,1.1280000000000001,0.3330000000000002,0.5267,1.2453,0.9007,1.5652,146.484,594.727,650.391,641.602,1.158,0.338,0.582,0.085,6.506,7.358,7.37,7.409,-35.65915892266499,246.29684645676755,5936.842105263159,4.574175824175827
Riet MZ04,Riet,1,765.7641,766.2907,12.766,1417.021,0.5267,0.11819999999999997,146.484,1.158,6.506,5.993,18.31,8.182999999999993,0.11819999999999997,-401.36799999999994,0.010999999999999899,-1.1070000000000002,1.2453,0.9007,1.5652,1.2403,594.727,650.391,641.602,609.375,0.338,0.582,0.085,0.413,7.358,7.37,7.409,7.404,28.935128518971844,-73.26212188693296,0.9590235396686921,-14.540916852751874
Riet MZ04,Riet,1,766.2957,767.5409,25.532,1397.872,1.2453,0.7186000000000001,594.727,0.338,7.358,7.863,22.68,0.5316000000000258,0.7186000000000001,448.24299999999994,-0.8199999999999998,0.8519999999999994,0.9007,1.5652,1.2403,1.0533,650.391,641.602,609.375,166.992,0.582,0.085,0.413,0.481,7.37,7.409,7.404,7.658,136.43440288589335,306.001338030092,-70.81174438687391,13.095604057792798
Riet MZ04,Riet,1,767.723,768.6238,19.149,1378.723,0.9007,-0.34460000000000013,650.391,0.582,7.37,7.785,21.23,1.4272999999999456,-0.34460000000000013,55.66399999999999,0.24399999999999994,0.012000000000000455,1.5652,1.2403,1.0533,0.4479,641.602,609.375,166.992,700.195,0.085,0.413,0.481,1.451,7.409,7.404,7.658,7.715,-27.67204689633021,9.359588517084308,72.18934911242602,0.1630877955966357
Riet MZ04,Riet,1,776.5905,778.1557,6.383,1289.362,1.5652,0.6645,641.602,0.085,7.409,8.149,22.36,8.867500000000064,0.6645,-8.788999999999987,-0.49699999999999994,0.0389999999999997,1.2403,1.0533,0.4479,0.5808,609.375,166.992,700.195,143.555,0.413,0.481,1.451,1.079,7.404,7.658,7.715,7.784,73.77595203730432,-1.3513409625901938,-85.39518900343643,0.5291723202170923
Riet MZ04,Riet,1,792.6686,793.9089,25.532,1346.809,1.2403,-0.32489999999999997,609.375,0.413,7.404,7.998,22.08,16.07809999999995,-0.32489999999999997,-32.226999999999975,0.32799999999999996,-0.004999999999999893,1.0533,0.4479,0.5808,1.0631,166.992,700.195,143.555,588.867,0.481,1.451,1.079,-0.52,7.658,7.715,7.784,7.755,-20.757730641451573,-5.022895813915788,385.8823529411764,-0.06748549061951536
Riet MZ04,Riet,1,800.6562,801.7095,12.766,1404.255,1.0533,-0.18700000000000006,166.992,0.481,7.658,8.279,22.21,7.987600000000043,-0.18700000000000006,-442.38300000000004,0.068,0.25400000000000045,0.4479,0.5808,1.0631,0.5217,700.195,143.555,588.867,635.742,1.451,1.079,-0.52,-1.055,7.715,7.784,7.755,7.781,-15.076997500604698,-72.59618461538462,16.46489104116223,3.4305780659103244
Riet MZ04,Riet,1,801.7538,802.2017,12.766,1391.489,0.4479,-0.6053999999999999,700.195,1.451,7.715,8.242,21.27,1.097599999999943,-0.6053999999999999,533.2030000000001,0.9700000000000001,0.056999999999999496,0.5808,1.0631,0.5217,0.6989,143.555,588.867,635.742,594.727,1.079,-0.52,-1.055,0.748,7.784,7.755,7.781,7.682,-57.47650242096268,319.29852927086336,201.6632016632017,0.7443196657090558
Riet MZ04,Riet,1,809.075,809.6558,6.383,1404.255,0.5808,0.13289999999999996,143.555,1.079,7.784,8.293,22.7,7.32120000000009,0.13289999999999996,-556.6400000000001,-0.3720000000000001,0.06899999999999995,1.0631,0.5217,0.6989,1.1321,588.867,635.742,594.727,624.023,-0.52,-1.055,0.748,0.406,7.755,7.781,7.682,7.655,29.671801741460136,-79.49785416919573,-25.63749138525156,0.894361633182112
Riet MZ04,Riet,1,809.9708,811.0339,25.532,1385.106,1.0631,0.48229999999999995,588.867,-0.52,7.755,8.299,19.26,0.8958000000000084,0.48229999999999995,445.31199999999995,-1.599,-0.028999999999999915,0.5217,0.6989,1.1321,1.0385,635.742,594.727,624.023,621.094,-1.055,0.748,0.406,0.476,7.781,7.682,7.655,7.694,83.04063360881541,310.20305806137014,-148.19277108433735,-0.37255909558067724
Riet MZ04,Riet,1,819.01,819.5317,19.149,1397.872,0.5217,-0.5413999999999999,635.742,-1.055,7.781,8.202,20.5,9.039199999999937,-0.5413999999999999,46.875,-0.5349999999999999,0.0259999999999998,0.6989,1.1321,1.0385,0.2756,594.727,624.023,621.094,717.773,0.748,0.406,0.476,0.055,7.682,7.655,7.694,7.753,-50.926535603423936,7.960201539566659,102.88461538461537,0.33526756931012
Riet MZ04,Riet,1,819.7581,820.4571,19.149,1397.872,0.6989,0.1771999999999999,594.727,0.748,7.682,8.155,21.13,0.7481000000000222,0.1771999999999999,-41.014999999999986,1.803,-0.09899999999999931,1.1321,1.0385,0.2756,0.9893,624.023,621.094,717.773,597.656,0.406,0.476,0.055,0.522,7.655,7.694,7.753,7.708,33.965880774391394,-6.451516495685356,-170.9004739336493,-1.2723300346999014
Riet MZ04,Riet,1,828.7152,829.8472,31.915,1442.553,1.1321,0.43320000000000014,624.023,0.406,7.655,8.214,20.3,8.957099999999969,0.43320000000000014,29.29600000000005,-0.34199999999999997,-0.027000000000000135,1.0385,0.2756,0.9893,1.3683,621.094,717.773,597.656,632.812,0.476,0.055,0.522,-0.229,7.694,7.753,7.708,7.627,61.98311632565462,4.925957624254498,-45.72192513368984,-0.35147097110127745
Riet MZ04,Riet,1,836.3927,837.4312,12.766,1410.638,1.0385,-0.09360000000000013,621.094,0.476,7.694,8.178,19.79,7.677500000000009,-0.09360000000000013,-2.9289999999999736,0.06999999999999995,0.0389999999999997,0.2756,0.9893,1.3683,0.8072,717.773,597.656,632.812,175.781,0.055,0.522,-0.229,0.666,7.753,7.708,7.627,7.57,-8.267820863881294,-0.46937372500692653,17.241379310344815,0.5094709340300418
Riet MZ04,Riet,1,837.7659,838.0415,6.383,1346.809,0.2756,-0.7628999999999999,717.773,0.055,7.753,8.222,18.11,1.373199999999997,-0.7628999999999999,96.67899999999997,-0.421,0.05900000000000016,0.9893,1.3683,0.8072,0.8466,597.656,632.812,175.781,597.656,0.522,-0.229,0.666,0.445,7.708,7.627,7.57,7.586,-73.46172363986518,15.565920778497292,-88.4453781512605,0.7668312971146369
Riet MZ04,Riet,1,843.0183,844.0076,19.149,1385.106,0.9893,0.7137,597.656,0.522,7.708,8.265,19.33,5.252399999999966,0.7137,-120.11700000000008,0.467,-0.04499999999999993,1.3683,0.8072,0.8466,1.4028,632.812,175.781,597.656,647.461,-0.229,0.666,0.445,-0.269,7.627,7.57,7.586,7.691,258.9622641509434,-16.73467795528671,849.0909090909092,-0.5804204823939111
Riet MZ04,Riet,1,854.3463,855.7146,6.383,1442.553,1.3683,0.3790000000000001,632.812,-0.229,7.627,8.107,22.49,11.328000000000088,0.3790000000000001,35.15600000000006,-0.751,-0.0810000000000004,0.8072,0.8466,1.4028,1.2502,175.781,597.656,647.461,629.883,0.666,0.445,-0.269,0.433,7.57,7.586,7.691,7.455,38.309916102294565,5.882313571686733,-143.8697318007663,-1.0508562532433887
Riet MZ04,Riet,1,862.9272,863.7344,12.766,1417.021,0.8072,-0.5611,175.781,0.666,7.57,8.089,20.38,8.580899999999929,-0.5611,-457.031,0.895,-0.056999999999999496,0.8466,1.4028,1.2502,1.0878,597.656,647.461,629.883,606.445,0.445,-0.269,0.433,-0.049,7.586,7.691,7.455,7.463,-41.00708908865015,-72.22223978053513,-390.8296943231441,-0.7473449586993509
Riet MZ04,Riet,1,864.079,864.9255,19.149,1385.106,0.8466,0.03939999999999999,597.656,0.445,7.586,8.114,20.47,1.1517999999999802,0.03939999999999999,421.87499999999994,-0.22100000000000003,0.016000000000000014,1.4028,1.2502,1.0878,1.5357,647.461,629.883,606.445,641.602,-0.269,0.433,-0.049,0.285,7.691,7.455,7.463,7.602,4.881070366699701,240.00034133381877,-33.18318318318318,0.21136063408190242
Riet MZ04,Riet,1,873.0121,874.4149,25.532,1436.17,1.4028,0.5562,647.461,-0.269,7.691,8.35,23.05,8.933100000000081,0.5562,49.805000000000064,-0.714,0.10499999999999954,1.2502,1.0878,1.5357,1.0238,629.883,606.445,641.602,600.586,0.433,-0.049,0.285,0.595,7.455,7.463,7.602,7.701,65.69808646350106,8.333389106777155,-160.44943820224717,1.3841286580543044
Riet MZ04,Riet,1,884.588,885.8382,31.915,1404.255,1.2502,-0.15260000000000007,629.883,0.433,7.455,8.2,24.76,11.575899999999933,-0.15260000000000007,-17.577999999999975,0.702,-0.23599999999999977,1.0878,1.5357,1.0238,1.2403,606.445,641.602,600.586,553.711,-0.049,0.285,0.595,0.433,7.463,7.602,7.701,7.419,-10.878243512974056,-2.714912558439809,-260.96654275092936,-3.0685216486802727
Riet MZ04,Riet,1,895.3153,896.4031,19.149,1417.021,1.0878,-0.16239999999999988,606.445,-0.049,7.463,7.978,22.43,10.727300000000014,-0.16239999999999988,-23.437999999999988,-0.482,0.008000000000000007,1.5357,1.0238,1.2403,1.1271,641.602,600.586,553.711,87.891,0.285,0.595,0.433,0.05,7.602,7.701,7.419,6.545,-12.989921612541982,-3.7210085047540553,-111.31639722863741,0.1073105298457412
Riet MZ04,Riet,1,903.1463,904.6819,19.149,1404.255,1.5357,0.44789999999999996,641.602,0.285,7.602,8.125,20.48,7.831000000000017,0.44789999999999996,35.156999999999925,0.33399999999999996,0.13900000000000023,1.0238,1.2403,1.1271,1.3978,600.586,553.711,87.891,82.031,0.595,0.433,0.05,0.046,7.701,7.419,6.545,7.051,41.174848317705454,5.797228108072442,-681.6326530612243,1.8625217740854916
Riet MZ04,Riet,1,909.7775,910.8013,12.766,1410.638,1.0238,-0.5119,600.586,0.595,7.701,8.203,21.55,6.631200000000035,-0.5119,-41.01599999999996,0.31,0.09899999999999931,1.2403,1.1271,1.3978,NA,553.711,87.891,82.031,NA,0.433,0.05,0.046,NA,7.419,6.545,7.051,NA,-33.33333333333333,-6.392748152281315,108.77192982456141,1.3022888713496357
Riet MZ04,Riet,1,918.2379,919.4782,6.383,1455.319,1.2403,0.21649999999999991,553.711,0.433,7.419,7.946,21.78,8.460399999999936,0.21649999999999991,-46.875,-0.16199999999999998,-0.28200000000000003,1.1271,1.3978,NA,NA,87.891,82.031,NA,NA,0.05,0.046,NA,NA,6.545,7.051,NA,NA,21.146708341472934,-7.80487723656562,-27.22689075630252,-3.6618620958317103
Riet MZ04,Riet,1,945.1105,946.2376,12.766,1500,1.1271,-0.11319999999999997,87.891,0.05,6.545,6.491,18.62,26.872600000000034,-0.11319999999999997,-465.82,-0.383,-0.8739999999999997,1.3978,NA,NA,NA,82.031,NA,NA,NA,0.046,NA,NA,NA,7.051,NA,NA,NA,-9.12682415544626,-84.126918193787,-88.4526558891455,-11.780563418250434
Riet MZ04,Riet,1,948.258,949.6558,19.149,1480.851,1.3978,0.27069999999999994,82.031,0.046,7.051,7.269,19.92,3.1475000000000364,0.27069999999999994,-5.859999999999999,-0.0040000000000000036,0.5060000000000002,NA,NA,NA,NA,NA,NA,NA,NA,NA,NA,NA,NA,NA,NA,NA,NA,24.017389761334393,-6.667349330420634,-8.000000000000007,7.731092436974793
Riet MZ06,Riet,2,43.9493,44.2011,25.424,1276.388,0.2518,NA,114.258,2.549,7.231,7.631,16.27,NA,NA,NA,NA,NA,0.9146,0.7917,0.7545,1.0899,131.836,143.555,196.289,143.555,0.046,-0.623,-0.012,-0.053,7.261,7.102,7.591,6.635,NA,NA,NA,NA
Riet MZ06,Riet,2,56.4066,57.3212,6.881,1334.862,0.9146,0.6628,131.836,0.046,7.261,7.733,17.6,12.457299999999996,0.6628,17.578000000000017,-2.503,0.03000000000000025,0.7917,0.7545,1.0899,0.9751,143.555,196.289,143.555,682.617,-0.623,-0.012,-0.053,0.566,7.102,7.591,6.635,7.501,263.2247815726767,15.384480736578634,-98.19537073362103,0.4148803761582112
Riet MZ06,Riet,2,65.0225,65.8143,27.523,1293.578,0.7917,-0.12290000000000001,143.555,-0.623,7.102,7.203,18.71,8.615899999999996,-0.12290000000000001,11.718999999999994,-0.669,-0.1589999999999998,0.7545,1.0899,0.9751,1.0476,196.289,143.555,682.617,166.992,-0.012,-0.053,0.566,0,7.591,6.635,7.501,7.304,-13.437568335884542,8.889074304438843,-1454.3478260869567,-2.1897810218978075
Riet MZ06,Riet,2,72.4718,73.2262,20.642,1403.67,0.7545,-0.03720000000000001,196.289,-0.012,7.591,8.162,18.48,7.449300000000008,-0.03720000000000001,52.73399999999998,0.611,0.4889999999999999,1.0899,0.9751,1.0476,0.6709,143.555,682.617,166.992,120.117,-0.053,0.566,0,0.036,6.635,7.501,7.304,7.248,-4.698749526335734,36.73435268712339,-98.07383627608347,6.885384398760911
Riet MZ06,Riet,2,82.5784,83.6683,27.523,1389.908,1.0899,0.33540000000000014,143.555,-0.053,6.635,6.781,20.86,10.1066,0.33540000000000014,-52.73399999999998,-0.040999999999999995,-0.9560000000000004,0.9751,1.0476,0.6709,0.5359,682.617,166.992,120.117,653.32,0.566,0,0.036,0.126,7.501,7.304,7.248,7.577,44.45328031809147,-26.865489151200517,341.66666666666663,-12.59386115136346
Riet MZ06,Riet,2,89.9038,90.8788,20.642,1376.147,0.9751,-0.11480000000000012,682.617,0.566,7.501,7.818,19.46,7.325400000000002,-0.11480000000000012,539.0619999999999,0.619,0.8660000000000005,1.0476,0.6709,0.5359,0.4754,166.992,120.117,653.32,697.266,0,0.036,0.126,1.232,7.304,7.248,7.577,7.67,-10.533076429030197,375.50903834767155,-1167.9245283018868,13.051996985681999
Riet MZ06,Riet,2,92.1713,93.2189,27.523,1410.55,1.0476,0.07250000000000012,166.992,0,7.304,7.924,20.22,2.2674999999999983,0.07250000000000012,-515.625,-0.566,-0.19700000000000006,0.6709,0.5359,0.4754,0.8018,120.117,653.32,697.266,703.125,0.036,0.126,1.232,0.749,7.248,7.577,7.67,7.5,7.435134857963297,-75.53650143491886,-100,-2.6263164911345163
Riet MZ06,Riet,2,102.47,103.1408,20.642,1369.266,0.6709,-0.37670000000000003,120.117,0.036,7.248,7.675,20.23,10.298699999999997,-0.37670000000000003,-46.874999999999986,0.036,-0.05600000000000005,0.5359,0.4754,0.8018,1.1262,653.32,697.266,703.125,665.039,0.126,1.232,0.749,0.397,7.577,7.67,7.5,7.462,-35.958381061473844,-28.07020695602184,NA,-0.7667031763417312
Riet MZ06,Riet,2,108.9286,109.4645,20.642,1665.138,0.5359,-0.135,653.32,0.126,7.577,7.945,19.74,6.458600000000004,-0.135,533.2030000000001,0.09,0.32899999999999974,0.4754,0.8018,1.1262,0.9851,697.266,703.125,665.039,547.852,1.232,0.749,0.397,0.532,7.67,7.5,7.462,7.547,-20.122223878372335,443.9030278811493,250,4.539183222958053
Riet MZ06,Riet,2,109.8574,110.3329,20.642,1699.541,0.4754,-0.060500000000000054,697.266,1.232,7.67,8.166,21.95,0.9287999999999954,-0.060500000000000054,43.94599999999991,1.1059999999999999,0.09299999999999997,0.8018,1.1262,0.9851,0.3808,703.125,665.039,547.852,143.555,0.749,0.397,0.532,-0.047,7.5,7.462,7.547,7.846,-11.289419667848488,6.726565848282603,877.7777777777777,1.2273987066121153
Riet MZ06,Riet,2,116.5996,117.4015,20.642,1699.541,0.8018,0.32639999999999997,703.125,0.749,7.5,8,21.21,6.742199999999997,0.32639999999999997,5.859000000000037,-0.483,-0.16999999999999993,1.1262,0.9851,0.3808,0.7474,665.039,547.852,143.555,632.812,0.397,0.532,-0.047,0.688,7.462,7.547,7.846,7.594,68.65797223390828,0.8402819010248653,-39.20454545454545,-2.2164276401564527
Riet MZ06,Riet,2,118.6169,119.7431,27.523,1699.541,1.1262,0.32440000000000013,665.039,0.397,7.462,8.006,22.62,2.017300000000006,0.32440000000000013,-38.08600000000001,-0.352,-0.038000000000000256,0.9851,0.3808,0.7474,0.558,547.852,143.555,632.812,597.656,0.532,-0.047,0.688,0.781,7.547,7.846,7.594,7.865,40.458967323522096,-5.416675555555557,-46.99599465954606,-0.5066666666666702
Riet MZ06,Riet,2,123.0545,124.0396,20.642,2305.046,0.9851,-0.14110000000000011,547.852,0.532,7.547,8.056,25.87,4.437600000000003,-0.14110000000000011,-117.18700000000001,0.135,0.08499999999999996,0.3808,0.7474,0.558,0.9207,143.555,632.812,597.656,644.531,-0.047,0.688,0.781,0.601,7.846,7.594,7.865,7.781,-12.528858106908197,-17.621071846914244,34.005037783375315,1.1391047976413826
Riet MZ06,Riet,2,132.0024,132.3832,20.642,1871.56,0.3808,-0.6043,143.555,-0.047,7.846,8.447,19.63,8.94789999999999,-0.6043,-404.29699999999997,-0.5790000000000001,0.2990000000000004,0.7474,0.558,0.9207,1.237,632.812,597.656,644.531,673.828,0.688,0.781,0.601,0.461,7.594,7.865,7.781,7.556,-61.34402598720941,-73.7967553280813,-108.83458646616542,3.961839141380686
Riet MZ06,Riet,2,135.3244,136.0718,20.642,1713.303,0.7474,0.3665999999999999,632.812,0.688,7.594,8.112,23.1,3.3220000000000027,0.3665999999999999,489.257,0.735,-0.2519999999999998,0.558,0.9207,1.237,0.3304,597.656,644.531,673.828,714.844,0.781,0.601,0.461,2.208,7.865,7.781,7.556,7.67,96.27100840336131,340.815018633973,-1563.8297872340424,-3.2118276828957404
Riet MZ06,Riet,2,142.0916,142.6497,20.642,1988.532,0.558,-0.1893999999999999,597.656,0.781,7.865,8.393,25.11,6.7672000000000025,-0.1893999999999999,-35.15600000000006,0.09300000000000008,0.2709999999999999,0.9207,1.237,0.3304,0.4976,644.531,673.828,714.844,164.062,0.601,0.461,2.208,0.193,7.781,7.556,7.67,7.478,-25.34118276692533,-5.55552043892974,13.51744186046513,3.5686067948380287
Riet MZ06,Riet,2,147.9612,148.8819,34.404,1713.303,0.9207,0.3626999999999999,644.531,0.601,7.781,8.22,21.25,5.869599999999991,0.3626999999999999,46.875,-0.18000000000000005,-0.08400000000000052,1.237,0.3304,0.4976,0.7978,673.828,714.844,164.062,688.477,0.461,2.208,0.193,0.835,7.556,7.67,7.478,7.601,64.99999999999999,7.843140535692774,-23.047375160051224,-1.068022886204711
Riet MZ06,Riet,2,150.9009,152.1378,27.523,1341.743,1.237,0.31630000000000014,673.828,0.461,7.556,7.966,19.45,2.939700000000016,0.31630000000000014,29.297000000000025,-0.13999999999999996,-0.22499999999999964,0.3304,0.4976,0.7978,0.8099,714.844,164.062,688.477,659.18,2.208,0.193,0.835,0.518,7.67,7.478,7.601,7.17,34.35429564461824,4.54547570248755,-23.294509151414303,-2.8916591697725185
Riet MZ06,Riet,2,159.2278,159.5582,27.523,1733.945,0.3304,-0.9066000000000001,714.844,2.208,7.67,8.223,21.67,8.326899999999995,-0.9066000000000001,41.016000000000076,1.747,0.11399999999999988,0.4976,0.7978,0.8099,0.8542,164.062,688.477,659.18,143.555,0.193,0.835,0.518,-1.06,7.478,7.601,7.17,7.23,-73.29021827000808,6.087013303098131,378.9587852494577,1.5087347803070392
Riet MZ06,Riet,2,163.4903,163.9879,13.761,1376.147,0.4976,0.16719999999999996,164.062,0.193,7.478,7.976,17.35,4.262499999999989,0.16719999999999996,-550.782,-2.015,-0.19200000000000017,0.7978,0.8099,0.8542,0.7273,688.477,659.18,143.555,667.969,0.835,0.518,-1.06,0.832,7.601,7.17,7.23,7.572,50.6053268765133,-77.04925829971295,-91.25905797101449,-2.503259452411997
Riet MZ06,Riet,2,171.6018,172.3996,27.523,1334.862,0.7978,0.30019999999999997,688.477,0.835,7.601,8.117,18.82,8.111500000000007,0.30019999999999997,524.415,0.6419999999999999,0.12300000000000022,0.8099,0.8542,0.7273,0.4513,659.18,143.555,667.969,641.602,0.518,-1.06,0.832,-0.047,7.17,7.23,7.572,7.744,60.32958199356913,319.6444027257987,332.6424870466321,1.6448248194704498
Riet MZ06,Riet,2,186.5083,187.3181,6.881,1314.22,0.8099,0.0121,659.18,0.518,7.17,7.756,21.92,14.906499999999994,0.0121,-29.297000000000025,-0.31699999999999995,-0.43100000000000005,0.8542,0.7273,0.4513,0.6729,143.555,667.969,641.602,571.289,-1.06,0.832,-0.047,0.684,7.23,7.572,7.744,7.673,1.516670844823264,-4.2553346008653925,-37.96407185628742,-5.670306538613341
Riet MZ06,Riet,2,193.6777,194.5318,20.642,1410.55,0.8542,0.044300000000000006,143.555,-1.06,7.23,7.634,20.22,7.169399999999996,0.044300000000000006,-515.625,-1.578,0.0600000000000005,0.7273,0.4513,0.6729,1.2853,667.969,641.602,571.289,641.602,0.832,-0.047,0.684,0.415,7.572,7.744,7.673,7.346,5.469811087788616,-78.22218513911223,-304.6332046332046,0.8368200836820152
Riet MZ06,Riet,2,200.1441,200.8714,13.761,1334.862,0.7273,-0.1269,667.969,0.832,7.572,8.266,20.1,6.4664000000000215,-0.1269,524.414,1.892,0.34199999999999964,0.4513,0.6729,1.2853,0.6507,641.602,571.289,641.602,140.625,-0.047,0.684,0.415,0.073,7.744,7.673,7.346,7.1,-14.856005619292908,365.30528368917834,-178.49056603773585,4.73029045643153
Riet MZ06,Riet,2,201.4805,201.9318,13.761,1431.193,0.4513,-0.27599999999999997,641.602,-0.047,7.744,8.296,21.38,1.3363999999999976,-0.27599999999999997,-26.367000000000075,-0.879,0.1719999999999997,0.6729,1.2853,0.6507,1.6782,571.289,641.602,140.625,594.727,0.684,0.415,0.073,0.306,7.673,7.346,7.1,7.262,-37.948576928365185,-3.9473388735106076,-105.64903846153845,2.271526677231903
Riet MZ06,Riet,2,208.3044,208.9772,20.642,1389.908,0.6729,0.22160000000000007,571.289,0.684,7.673,8.204,19.06,6.8238999999999805,0.22160000000000007,-70.31299999999999,0.7310000000000001,-0.07099999999999973,1.2853,0.6507,1.6782,0.7132,641.602,140.625,594.727,694.336,0.415,0.073,0.306,0.851,7.346,7.1,7.262,7.624,49.10259251052517,-10.958974566787509,-1555.3191489361704,-0.9168388429752032
Riet MZ06,Riet,2,209.5415,210.8268,13.761,1383.028,1.2853,0.61240000000000006,641.602,0.415,7.346,7.936,20.4,1.2371000000000265,0.61240000000000006,70.31299999999999,-0.2690000000000001,-0.32699999999999996,0.6507,1.6782,0.7132,0.2357,140.625,594.727,694.336,1186.523,0.073,0.306,0.851,0.37,7.1,7.262,7.624,7.484,91.00906524000595,12.307781175552126,-39.32748538011697,-4.261696859116382
Riet MZ06,Riet,2,218.638,219.2887,27.523,1369.266,0.6507,-0.6346000000000002,140.625,0.073,7.1,7.496,17.83,9.096499999999992,-0.6346000000000002,-500.977,-0.34199999999999997,-0.24600000000000044,1.6782,0.7132,0.2357,0.7776,594.727,694.336,1186.523,624.023,0.306,0.851,0.37,-0.008,7.262,7.624,7.484,7.616,-49.37368707694703,-78.08220672628826,-82.40963855421687,-3.3487612306016943
Riet MZ06,Riet,2,219.8213,221.4995,20.642,1348.624,1.6782,1.0274999999999999,594.727,0.306,7.262,8.007,20.71,1.1833000000000027,1.0274999999999999,454.102,0.23299999999999998,0.16199999999999992,0.7132,0.2357,0.7776,0.3949,694.336,1186.523,624.023,694.336,0.851,0.37,-0.008,0.092,7.624,7.484,7.616,7.677,157.90686952512678,322.91697777777773,319.1780821917808,2.2816901408450696
Riet MZ06,Riet,2,228.0353,228.7484,13.761,1396.789,0.7132,-0.965,694.336,0.851,7.624,8.138,20.04,8.213999999999999,-0.965,99.60900000000004,0.5449999999999999,0.3620000000000001,0.2357,0.7776,0.3949,0.546,1186.523,624.023,694.336,541.992,0.37,-0.008,0.092,-0.055,7.484,7.616,7.677,7.676,-57.502085567870346,16.74869309784154,178.1045751633987,4.984852657670065
Riet MZ06,Riet,2,230.0003,230.236,20.642,1376.147,0.2357,-0.4774999999999999,1186.523,0.37,7.484,7.951,18.51,1.9650000000000034,-0.4774999999999999,492.1869999999999,-0.481,-0.13999999999999968,0.7776,0.3949,0.546,0.8361,624.023,694.336,541.992,670.898,-0.008,0.092,-0.055,0.713,7.616,7.677,7.676,7.713,-66.95176668536175,70.88599755737854,-56.52173913043478,-1.8363064008394503
Riet MZ06,Riet,2,230.7963,231.5739,20.642,1376.147,0.7776,0.5418999999999999,624.023,-0.008,7.616,8.019,20.65,0.7959999999999923,0.5418999999999999,-562.4999999999999,-0.378,0.13199999999999967,0.3949,0.546,0.8361,0.5439,694.336,541.992,670.898,169.922,0.092,-0.055,0.713,-0.868,7.677,7.676,7.713,7.472,229.91090369113277,-47.407424887676,-102.16216216216216,1.7637626937466553
Riet MZ06,Riet,2,242.0952,242.4901,27.523,1444.954,0.3949,-0.3827,694.336,0.092,7.677,8.137,19.08,11.298900000000003,-0.3827,70.31299999999999,0.1,0.06099999999999994,0.546,0.8361,0.5439,0.4211,541.992,670.898,169.922,594.727,-0.055,0.713,-0.868,0.007,7.676,7.713,7.472,7.604,-49.21553497942387,11.267693658727321,-1250,0.8009453781512598
Riet MZ06,Riet,2,242.9303,243.4763,27.523,1438.073,0.546,0.15110000000000007,541.992,-0.055,7.676,8.014,21.26,0.8350999999999829,0.15110000000000007,-152.34400000000005,-0.147,-9.999999999994458e-4,0.8361,0.5439,0.4211,0.5681,670.898,169.922,594.727,650.391,0.713,-0.868,0.007,0.816,7.713,7.472,7.604,7.744,38.26285135477338,-21.94096230067288,-159.7826086956522,-0.013025921583944845
Riet MZ06,Riet,2,244.4981,245.3341,6.881,1376.147,0.8361,0.2900999999999999,670.898,0.713,7.713,8.186,19.04,1.5678000000000054,0.2900999999999999,128.90600000000006,0.768,0.03699999999999992,0.5439,0.4211,0.5681,1.098,169.922,594.727,650.391,650.391,-0.868,0.007,0.816,0.345,7.472,7.604,7.744,7.547,53.13186813186811,23.78374588554814,-1396.3636363636365,0.4820218863991652
Riet MZ06,Riet,2,250.4599,251.0038,20.642,1383.028,0.5439,-0.2921999999999999,169.922,-0.868,7.472,7.971,20.73,5.961800000000011,-0.2921999999999999,-500.976,-1.581,-0.24099999999999966,0.4211,0.5681,1.098,0.5722,594.727,650.391,650.391,673.828,0.007,0.816,0.345,0.782,7.604,7.744,7.547,7.622,-34.947972730534616,-74.67245393487534,-221.73913043478262,-3.124594839880716
Riet MZ06,Riet,2,251.028,251.449,34.404,1383.028,0.4211,-0.12280000000000008,594.727,0.007,7.604,7.941,19.02,0.568099999999987,-0.12280000000000008,424.80499999999995,0.875,0.13199999999999967,0.5681,1.098,0.5722,0.4593,650.391,650.391,673.828,665.039,0.816,0.345,0.782,-0.229,7.744,7.547,7.622,7.573,-22.577679720536874,249.99999999999994,-100.80645161290323,1.7665952890792247
Riet MZ06,Riet,2,251.6917,252.2598,13.761,1383.028,0.5681,0.14700000000000008,650.391,0.816,7.744,8.114,18.72,0.6637000000000057,0.14700000000000008,55.66399999999999,0.8089999999999999,0.13999999999999968,1.098,0.5722,0.4593,0.9932,650.391,673.828,665.039,659.18,0.345,0.782,-0.229,0.543,7.547,7.622,7.573,7.554,34.908572785561645,9.359588517084308,11557.142857142855,1.8411362440820578
Riet MZ06,Riet,2,258.7279,259.8259,6.881,1403.67,1.098,0.5299,650.391,0.345,7.547,8.034,18.33,7.03619999999998,0.5299,0,-0.471,-0.19700000000000006,0.5722,0.4593,0.9932,1.4525,673.828,665.039,659.18,615.234,0.782,-0.229,0.543,-0.037,7.622,7.573,7.554,7.291,93.27583171976764,0,-57.72058823529412,-2.543904958677687
Riet MZ06,Riet,2,260.2277,260.7998,13.761,1403.67,0.5722,-0.5258,673.828,0.782,7.622,7.915,20.26,1.4998000000000502,-0.5258,23.437000000000012,0.43700000000000006,0.07500000000000018,0.4593,0.9932,1.4525,1.5432,665.039,659.18,615.234,650.391,-0.229,0.543,-0.037,0.252,7.573,7.554,7.291,7.56,-47.88706739526412,3.603524649018823,126.66666666666669,0.9937723598780996
Riet MZ06,Riet,2,261.1031,261.5625,41.284,1376.147,0.4593,-0.11290000000000006,665.039,-0.229,7.573,7.901,19.46,0.8753999999999564,-0.11290000000000006,-8.788999999999987,-1.0110000000000001,-0.04899999999999949,0.9932,1.4525,1.5432,0.3344,659.18,615.234,650.391,720.703,0.543,-0.037,0.252,0.009,7.554,7.291,7.56,7.832,-19.730863334498437,-1.3043387926889336,-129.2838874680307,-0.6428758855943255
Riet MZ06,Riet,2,267.4622,268.4554,34.404,1417.431,0.9932,0.5339,659.18,0.543,7.554,8.175,19.86,6.359100000000012,0.5339,-5.859000000000037,0.772,-0.019000000000000128,1.4525,1.5432,0.3344,0.9086,615.234,650.391,720.703,609.375,-0.037,0.252,0.009,0.557,7.291,7.56,7.832,7.544,116.24210755497498,-0.8810009638532533,-337.117903930131,-0.2508913244420986
Riet MZ06,Riet,2,271.7786,273.2311,27.523,1396.789,1.4525,0.45929999999999993,615.234,-0.037,7.291,7.611,19.04,4.316399999999987,0.45929999999999993,-43.94599999999991,-0.5800000000000001,-0.2629999999999999,1.5432,0.3344,0.9086,1.0456,650.391,720.703,609.375,644.531,0.252,0.009,0.557,0.037,7.56,7.832,7.544,7.605,46.24446234393878,-6.666767802421177,-106.81399631675876,-3.4815991527667447
Riet MZ06,Riet,2,279.1043,280.6475,20.642,1403.67,1.5432,0.0907,650.391,0.252,7.56,8.024,19.34,7.32570000000004,0.0907,35.156999999999925,0.289,0.26899999999999924,0.3344,0.9086,1.0456,1.0758,720.703,609.375,644.531,618.164,0.009,0.557,0.037,-0.442,7.832,7.544,7.605,7.786,6.244406196213426,5.71441110211723,-781.081081081081,3.6894801810451137
Riet MZ06,Riet,2,281.1402,281.4746,27.523,1417.431,0.3344,-1.2087999999999999,720.703,0.009,7.832,8.174,18.99,2.0358999999999696,-1.2087999999999999,70.31200000000001,-0.243,0.27200000000000024,0.9086,1.0456,1.0758,0.282,609.375,644.531,618.164,137.695,0.557,0.037,-0.442,-0.393,7.544,7.605,7.786,7.559,-78.33074131674442,10.81072770072157,-96.42857142857143,3.5978835978836012
Riet MZ06,Riet,2,292.6645,293.5731,27.523,1651.376,0.9086,0.5742,609.375,0.557,7.544,8.169,25.95,11.524299999999982,0.5742,-111.32799999999997,0.548,-0.28800000000000026,1.0456,1.0758,0.282,1.1705,644.531,618.164,137.695,703.125,0.037,-0.442,-0.393,0.512,7.605,7.786,7.559,7.567,171.71052631578948,-15.44713980654999,6088.88888888889,-3.677221654749748
Riet MZ06,Riet,2,301.5778,302.6233,6.881,1837.156,1.0456,0.13700000000000012,644.531,0.037,7.605,8.066,24.18,8.91330000000005,0.13700000000000012,35.15599999999995,-0.52,0.06100000000000083,1.0758,0.282,1.1705,1.1826,618.164,137.695,703.125,659.18,-0.442,-0.393,0.512,0.093,7.786,7.559,7.567,7.583,15.07814219678628,5.7691897435897355,-93.3572710951526,0.8085896076352178
Riet MZ06,Riet,2,308.6528,309.7286,13.761,1438.073,1.0758,0.030200000000000005,618.164,-0.442,7.786,8.298,20.37,7.074999999999989,0.030200000000000005,-26.366999999999962,-0.479,0.18099999999999916,0.282,1.1705,1.1826,1.0637,137.695,703.125,659.18,706.055,-0.393,0.512,0.093,0.425,7.559,7.567,7.583,7.488,2.8882938026013774,-4.090881586766185,-1294.5945945945946,2.3800131492439074
Riet MZ06,Riet,2,310.2127,310.4947,34.404,1465.596,0.282,-0.7938000000000001,137.695,-0.393,7.559,8.033,22.19,1.5598999999999705,-0.7938000000000001,-480.469,0.04899999999999999,-0.22699999999999942,1.1705,1.1826,1.0637,1.3417,703.125,659.18,706.055,662.109,0.512,0.093,0.425,0.32,7.567,7.583,7.488,7.181,-73.78694924707195,-77.72516678421908,-11.08597285067873,-2.9154893398407324
Riet MZ06,Riet,2,315.2408,316.4113,13.761,1369.266,1.1705,0.8885000000000001,703.125,0.512,7.567,8.139,25.59,5.028099999999995,0.8885000000000001,565.4300000000001,0.905,0.008000000000000007,1.1826,1.0637,1.3417,0.9126,659.18,706.055,662.109,606.445,0.093,0.425,0.32,0.475,7.583,7.488,7.181,7.28,315.07092198581563,410.6394567703984,-230.27989821882952,0.10583410504034935
Riet MZ06,Riet,2,322.9763,324.1589,20.642,1403.67,1.1826,0.0121,659.18,0.093,7.583,8.038,21.29,7.735500000000002,0.0121,-43.94500000000005,-0.41900000000000004,0.016000000000000014,1.0637,1.3417,0.9126,0.3425,706.055,662.109,606.445,644.531,0.425,0.32,0.475,-0.083,7.488,7.181,7.28,7.65,1.0337462622810762,-6.249955555555562,-81.83593750000001,0.2114444297608037
Riet MZ06,Riet,2,324.5396,325.6033,13.761,1403.67,1.0637,-0.1189,706.055,0.425,7.488,7.916,20.46,1.5633000000000266,-0.1189,46.875,0.33199999999999996,-0.09499999999999975,1.3417,0.9126,0.3425,0.9267,662.109,606.445,644.531,723.633,0.32,0.475,-0.083,0.653,7.181,7.28,7.65,7.669,-10.054118044985625,7.1111077399192935,356.9892473118279,-1.2528023209811388
Riet MZ06,Riet,2,343.5807,344.9225,20.642,1383.028,1.3417,0.2779999999999998,662.109,0.32,7.181,7.65,20.88,19.04109999999997,0.2779999999999998,-43.94599999999991,-0.10499999999999998,-0.3070000000000004,0.9126,0.3425,0.9267,1.1443,606.445,644.531,723.633,641.602,0.475,-0.083,0.653,-0.206,7.28,7.65,7.669,7.282,26.135188492996125,-6.224161007286956,-24.70588235294117,-4.099893162393167
Riet MZ06,Riet,2,345.2324,346.145,27.523,1376.147,0.9126,-0.4290999999999999,606.445,0.475,7.28,7.663,19.8,1.6517000000000053,-0.4290999999999999,-55.66399999999999,0.15499999999999997,0.0990000000000002,0.3425,0.9267,1.1443,NA,644.531,723.633,641.602,NA,-0.083,0.653,-0.206,NA,7.65,7.669,7.282,NA,-31.981814116419464,-8.40707496801886,48.437499999999986,1.3786380726918284
Riet MZ06,Riet,2,346.6006,346.9431,20.642,1424.312,0.3425,-0.5700999999999999,644.531,-0.083,7.65,7.993,20.25,1.3682000000000016,-0.5700999999999999,38.0859999999999,-0.5579999999999999,0.3700000000000001,0.9267,1.1443,NA,NA,723.633,641.602,NA,NA,0.653,-0.206,NA,NA,7.669,7.282,NA,NA,-62.46986631602016,6.280206778850498,-117.4736842105263,5.082417582417584
Riet MZ06,Riet,2,353.1268,354.0535,41.284,1389.908,0.9267,0.5841999999999999,723.633,0.653,7.669,8.101,20.03,6.526200000000017,0.5841999999999999,79.10200000000009,0.736,0.01899999999999924,1.1443,NA,NA,NA,641.602,NA,NA,NA,-0.206,NA,NA,NA,7.282,NA,NA,NA,170.5693430656934,12.27279991187392,-886.7469879518072,0.2483660130718855
Riet MZ06,Riet,2,354.2733,355.4176,27.523,1403.67,1.1443,0.21760000000000013,641.602,-0.206,7.282,7.47,20.99,1.1465000000000032,0.21760000000000013,-82.03100000000006,-0.859,-0.38699999999999957,NA,NA,NA,NA,NA,NA,NA,NA,NA,NA,NA,NA,NA,NA,NA,NA,23.481169742095624,-11.335994903493907,-131.5467075038285,-5.046290259486238
